district,month,month_dt,ASSI_before,ASSI_after,risk_probability_before,risk_probability_after
Ahilyanagar,2025-05,2025-05-01,26.94,26.94,0.010456537186334821,0.12467550619612867
Ahilyanagar,2025-06,2025-06-01,26.97,26.97,0.0040294073166691185,0.0040294073166691185
Ahilyanagar,2025-07,2025-07-01,26.97,26.97,0.006437437311513408,0.009170361028452333
Ahilyanagar,2025-08,2025-08-01,26.98,26.97,0.006437437311513408,0.03649635761270339
Ahilyanagar,2025-09,2025-09-01,26.99,26.99,0.005784233769141502,0.006437437311513408
Ahilyanagar,2025-10,2025-10-01,26.99,26.98,0.029943098606805208,0.057121739402764986
Ahilyanagar,2025-11,2025-11-01,27.08,27.07,0.005784233769141502,0.005784233769141502
Ahilyanagar,2025-12,2025-12-01,28.45,28.35,0.003486765506659401,0.003486765506659401
Ahilyanagar,2026-01,2026-01-01,26.02,26.01,0.11876184598901862,0.11876184598901862
Ahmadnagar,2025-03,2025-03-01,36.72,35.77,0.04322041448473534,0.04112471765663574
Ahmadnagar,2025-04,2025-04-01,29.17,28.66,0.9406977314194264,0.8950580062184436
Ahmadnagar,2025-05,2025-05-01,38.75,38.12,0.8805179181990304,0.7115665697477698
Ahmadnagar,2025-06,2025-06-01,41.21,40.27,0.2711460181602714,0.5585690464927567
Ahmadnagar,2025-07,2025-07-01,35.62,35.05,0.5502945121882049,0.5804522418025849
Ahmadnagar,2025-08,2025-08-01,36.47,35.84,0.7622476857878565,0.8263992886494753
Ahmadnagar,2025-09,2025-09-01,60.61,58.43,0.9771894318616533,0.9773952633511904
Ahmadnagar,2025-10,2025-10-01,48.64,47.05,0.9239787829127554,0.975526337426609
Ahmadnagar,2025-11,2025-11-01,70.46,67.35,0.21283074553397957,0.3524363130562865
Ahmadnagar,2025-12,2025-12-01,23.53,21.8,0.04136496477569551,0.2326902610800925
Ahmadnagar,2026-01,2026-01-01,26.52,26.36,0.19730267636575186,0.19730267636575186
Ahmed Nagar,2025-03,2025-03-01,26.98,26.98,0.010456537186334821,0.010456537186334821
Ahmed Nagar,2025-04,2025-04-01,26.98,26.98,0.06325332526317695,0.057121739402764986
Ahmed Nagar,2025-05,2025-05-01,27.05,27.04,0.0040294073166691185,0.005254476907970312
Ahmed Nagar,2025-06,2025-06-01,27.35,27.32,0.0040294073166691185,0.0040294073166691185
Ahmed Nagar,2025-07,2025-07-01,27.19,27.17,0.042835742485637894,0.051152943335394066
Ahmed Nagar,2025-08,2025-08-01,27.24,27.22,0.006437437311513408,0.009170361028452333
Ahmed Nagar,2025-09,2025-09-01,27.71,27.66,0.005784233769141502,0.005784233769141502
Ahmed Nagar,2025-10,2025-10-01,27.56,27.52,0.057121739402764986,0.042835742485637894
Ahmed Nagar,2025-11,2025-11-01,28.34,28.24,0.005032105855004978,0.005600851373795997
Ahmed Nagar,2025-12,2025-12-01,26.93,26.87,0.07422130856371553,0.04443596928516314
Ahmed Nagar,2026-01,2026-01-01,26.85,26.85,0.06201015818394706,0.06201015818394706
Ahmednagar,2025-07,2025-07-01,27.03,27.02,0.010456537186334821,0.010456537186334821
Akola,2025-03,2025-03-01,34.32,33.74,0.04572249122576843,0.04637999201712023
Akola,2025-04,2025-04-01,29.19,28.92,0.23176051286381225,0.37056554224066707
Akola,2025-05,2025-05-01,34.73,34.27,0.12147828049014206,0.12147828049014206
Akola,2025-06,2025-06-01,35.64,35.07,0.13696417265116054,0.7583203059328129
Akola,2025-07,2025-07-01,31.29,30.96,0.1840720201256811,0.4235004067789628
Akola,2025-08,2025-08-01,31.58,31.29,0.34220811279367735,0.5539425113373355
Akola,2025-09,2025-09-01,38.33,37.59,0.11505194774897677,0.24310287277917272
Akola,2025-10,2025-10-01,34.9,34.32,0.8752566810766922,0.7375962344193594
Akola,2025-11,2025-11-01,42.45,41.39,0.14160494373834362,0.2558574486354166
Akola,2025-12,2025-12-01,27.71,27.19,0.2604429066442956,0.3364242275735928
Akola,2026-01,2026-01-01,27.06,26.99,0.041849900032679854,0.041849900032679854
Amravati,2025-03,2025-03-01,39.43,38.45,0.04681701223427464,0.04587665576312046
Amravati,2025-04,2025-04-01,33.9,33.25,0.9314810604169689,0.8845023120076425
Amravati,2025-05,2025-05-01,38.93,38.22,0.8400055125193517,0.776547681920268
Amravati,2025-06,2025-06-01,45.32,44.11,0.5127453026251069,0.7705368427435696
Amravati,2025-07,2025-07-01,36.32,35.69,0.5647444868063164,0.49471670847438026
Amravati,2025-08,2025-08-01,33.93,33.44,0.8994088837151356,0.8539621195245287
Amravati,2025-09,2025-09-01,47.81,46.47,0.9396411270905803,0.9513320834224541
Amravati,2025-10,2025-10-01,40.79,39.78,0.9611549185424423,0.9603527026110873
Amravati,2025-11,2025-11-01,52.73,50.93,0.3131566322320889,0.6649194507479957
Amravati,2025-12,2025-12-01,31.82,30.8,0.05387243178880375,0.06614871334807923
Amravati,2026-01,2026-01-01,26.38,26.28,0.14809781489006957,0.14809781489006957
Aurangabad,2025-03,2025-03-01,36.33,35.48,0.04234908892290951,0.04388014357233127
Aurangabad,2025-04,2025-04-01,31.33,30.77,0.8818871487155253,0.9216033099287693
Aurangabad,2025-05,2025-05-01,38.84,38.1,0.18663667597670416,0.33643991779570165
Aurangabad,2025-06,2025-06-01,38.18,37.37,0.13516886416961946,0.7254129287296903
Aurangabad,2025-07,2025-07-01,37.4,36.69,0.3253806905296865,0.5233915441178976
Aurangabad,2025-08,2025-08-01,37.62,36.94,0.8756094737422913,0.7673751216931017
Aurangabad,2025-09,2025-09-01,46.14,44.9,0.9319176675836995,0.9450170506822405
Aurangabad,2025-10,2025-10-01,42.42,41.26,0.9532496584668408,0.9498360627044565
Aurangabad,2025-11,2025-11-01,50.42,48.58,0.12616943182034934,0.3588576987249326
Aurangabad,2025-12,2025-12-01,32.74,31.45,0.1286131098521486,0.07871256994602222
Aurangabad,2026-01,2026-01-01,24.5,24.37,0.16073899353860224,0.16073899353860224
Beed,2025-03,2025-03-01,34.35,33.56,0.04677942967745487,0.04580180205465527
Beed,2025-04,2025-04-01,31.45,30.79,0.4003540874578705,0.3051929995040077
Beed,2025-05,2025-05-01,37.54,36.94,0.8753477606333151,0.8532817375763144
Beed,2025-06,2025-06-01,39.35,38.51,0.13965421658622645,0.6162622509655687
Beed,2025-07,2025-07-01,35.44,34.8,0.46517161315332917,0.34925679351041033
Beed,2025-08,2025-08-01,33.04,32.61,0.7731681515569769,0.6979972745463401
Beed,2025-09,2025-09-01,48.19,46.83,0.9362291974516057,0.9352603938702184
Beed,2025-10,2025-10-01,40.72,39.71,0.9426909843859692,0.9139962635382357
Beed,2025-11,2025-11-01,48.29,46.55,0.058351145662329955,0.3611803735121702
Beed,2025-12,2025-12-01,25.34,24.37,0.15301101391729893,0.12262608647163777
Beed,2026-01,2026-01-01,26.24,26.16,0.16993332760930965,0.16993332760930965
Bhandara,2025-03,2025-03-01,30.89,30.59,0.010456537186334821,0.010456537186334821
Bhandara,2025-04,2025-04-01,29.67,29.45,0.07817506068148261,0.1013838822587317
Bhandara,2025-05,2025-05-01,30.5,30.29,0.0353300769717349,0.06128638448548082
Bhandara,2025-06,2025-06-01,32.63,32.26,0.03295989880124218,0.06578606136457303
Bhandara,2025-07,2025-07-01,28.86,28.73,0.05430744213780769,0.05430744213780769
Bhandara,2025-08,2025-08-01,29.01,28.88,0.009170361028452333,0.06325332526317695
Bhandara,2025-09,2025-09-01,33.62,33.19,0.02008646995261232,0.04798221916966748
Bhandara,2025-10,2025-10-01,32.92,32.49,0.4429616226031451,0.6644042517230891
Bhandara,2025-11,2025-11-01,34.21,33.64,0.1299398671580486,0.7622844887258341
Bhandara,2025-12,2025-12-01,29.33,28.96,0.13979058501045885,0.10717954029095529
Bhandara,2026-01,2026-01-01,26.35,26.33,0.03812701691044567,0.03812701691044567
Bid,2025-03,2025-03-01,27.15,27.13,0.010456537186334821,0.010456537186334821
Bid,2025-05,2025-05-01,27.06,27.06,0.042835742485637894,0.051152943335394066
Bid,2025-06,2025-06-01,27.87,27.81,0.0040294073166691185,0.0040294073166691185
Bid,2025-07,2025-07-01,27.47,27.44,0.042835742485637894,0.051152943335394066
Bid,2025-08,2025-08-01,27.41,27.38,0.06325332526317695,0.057121739402764986
Bid,2025-09,2025-09-01,27.86,27.8,0.005032105855004978,0.005600851373795997
Bid,2025-10,2025-10-01,28.25,28.16,0.007981467336107594,0.02484603493624809
Bid,2025-11,2025-11-01,28.7,28.55,0.005600851373795997,0.042357430314116096
Bid,2025-12,2025-12-01,26.65,26.58,0.10292886537197468,0.07813600149722642
Bid,2026-01,2026-01-01,26.86,26.86,0.03914499846153159,0.03914499846153159
Buldana,2025-03,2025-03-01,27.52,27.48,0.010456537186334821,0.010456537186334821
Buldana,2025-04,2025-04-01,27.66,27.61,0.006437437311513408,0.009170361028452333
Buldana,2025-05,2025-05-01,27.82,27.76,0.006437437311513408,0.009170361028452333
Buldana,2025-06,2025-06-01,29.0,28.86,0.005254476907970312,0.005784233769141502
Buldana,2025-07,2025-07-01,28.06,27.98,0.051152943335394066,0.051152943335394066
Buldana,2025-08,2025-08-01,28.09,28.02,0.009170361028452333,0.06325332526317695
Buldana,2025-09,2025-09-01,29.39,29.23,0.005032105855004978,0.005032105855004978
Buldana,2025-10,2025-10-01,29.66,29.46,0.042357430314116096,0.09107754130679284
Buldana,2025-11,2025-11-01,31.6,31.25,0.007547874399905615,0.019047802733505224
Buldana,2025-12,2025-12-01,26.33,26.16,0.10717954029095529,0.12634099698897186
Buldana,2026-01,2026-01-01,26.98,26.96,0.10434778942450199,0.10434778942450199
Buldhana,2025-03,2025-03-01,32.61,32.11,0.039890002650462004,0.039890002650462004
Buldhana,2025-04,2025-04-01,29.84,29.49,0.05388633126963018,0.689850056172761
Buldhana,2025-05,2025-05-01,33.49,33.1,0.050528680458239765,0.633297018247606
Buldhana,2025-06,2025-06-01,34.99,34.47,0.11223118308754967,0.14627903769179937
Buldhana,2025-07,2025-07-01,33.35,32.93,0.2944172941911606,0.30444739474925675
Buldhana,2025-08,2025-08-01,31.87,31.51,0.7935784474071983,0.7841472140178092
Buldhana,2025-09,2025-09-01,44.25,43.14,0.3216892223643385,0.4773459671447748
Buldhana,2025-10,2025-10-01,37.27,36.52,0.9558730056816135,0.9475738524334678
Buldhana,2025-11,2025-11-01,52.22,50.43,0.1268147674196285,0.18937788365738914
Buldhana,2025-12,2025-12-01,23.04,22.27,0.0864809994687135,0.10582735437385435
Buldhana,2026-01,2026-01-01,28.07,27.99,0.19730267636575186,0.19730267636575186
Chandrapur,2025-03,2025-03-01,32.83,32.34,0.04646038782808469,0.04646038782808469
Chandrapur,2025-04,2025-04-01,30.92,30.54,0.05215120235908411,0.5438545832215975
Chandrapur,2025-05,2025-05-01,35.95,35.4,0.09918236087860914,0.10218551162828365
Chandrapur,2025-06,2025-06-01,38.58,37.75,0.18951349634369163,0.6224909869084504
Chandrapur,2025-07,2025-07-01,31.16,30.84,0.2508796771715458,0.35171820260669506
Chandrapur,2025-08,2025-08-01,30.4,30.15,0.05153035719121789,0.047079497491107805
Chandrapur,2025-09,2025-09-01,37.33,36.67,0.7099107769992671,0.29280257536615706
Chandrapur,2025-10,2025-10-01,39.18,38.31,0.914561218118051,0.9256937501556581
Chandrapur,2025-11,2025-11-01,46.07,44.57,0.0691087584960957,0.08286432998541626
Chandrapur,2025-12,2025-12-01,28.66,27.78,0.09952973057944248,0.10815098449153393
Chandrapur,2026-01,2026-01-01,26.82,26.75,0.16993332760930965,0.16993332760930965
Chatrapati Sambhaji Nagar,2025-03,2025-03-01,27.15,27.12,0.010456537186334821,0.010456537186334821
Chatrapati Sambhaji Nagar,2025-04,2025-04-01,26.77,26.77,0.06578777716404742,0.06578777716404742
Chatrapati Sambhaji Nagar,2025-05,2025-05-01,27.21,27.19,0.005784233769141502,0.005784233769141502
Chatrapati Sambhaji Nagar,2025-06,2025-06-01,27.07,27.06,0.057121739402764986,0.042835742485637894
Chatrapati Sambhaji Nagar,2025-07,2025-07-01,27.36,27.34,0.04111033281931705,0.030698370414563504
Chatrapati Sambhaji Nagar,2025-08,2025-08-01,26.66,26.66,0.07333226469290482,0.05522953523395917
Chatrapati Sambhaji Nagar,2025-09,2025-09-01,27.33,27.31,0.005784233769141502,0.005784233769141502
Chatrapati Sambhaji Nagar,2025-10,2025-10-01,26.92,26.91,0.04550193263744821,0.05430744213780769
Chatrapati Sambhaji Nagar,2025-11,2025-11-01,27.29,27.27,0.005784233769141502,0.005784233769141502
Chatrapati Sambhaji Nagar,2025-12,2025-12-01,27.17,27.14,0.03274503741735588,0.06062080535412665
Chatrapati Sambhaji Nagar,2026-01,2026-01-01,26.65,26.64,0.06578777716404742,0.06578777716404742
Chhatrapati Sambhajinagar,2025-03,2025-03-01,27.12,27.08,0.010456537186334821,0.010456537186334821
Chhatrapati Sambhajinagar,2025-04,2025-04-01,26.7,26.69,0.007473494264151757,0.008225122808857345
Chhatrapati Sambhajinagar,2025-05,2025-05-01,27.5,27.47,0.0040294073166691185,0.005784233769141502
Chhatrapati Sambhajinagar,2025-06,2025-06-01,27.88,27.81,0.005784233769141502,0.005784233769141502
Chhatrapati Sambhajinagar,2025-07,2025-07-01,27.71,27.66,0.057121739402764986,0.057121739402764986
Chhatrapati Sambhajinagar,2025-08,2025-08-01,27.49,27.45,0.057121739402764986,0.042835742485637894
Chhatrapati Sambhajinagar,2025-09,2025-09-01,28.43,28.34,0.005032105855004978,0.005600851373795997
Chhatrapati Sambhajinagar,2025-10,2025-10-01,27.26,27.19,0.07422130856371553,0.04443596928516314
Chhatrapati Sambhajinagar,2025-11,2025-11-01,28.59,28.48,0.005081602372091773,0.03856266652750977
Chhatrapati Sambhajinagar,2025-12,2025-12-01,27.88,27.75,0.02778885173055467,0.053119206917649237
Chhatrapati Sambhajinagar,2026-01,2026-01-01,25.85,25.84,0.11375324387110512,0.14459257966671665
Dharashiv,2025-03,2025-03-01,26.95,26.95,0.010456537186334821,0.010456537186334821
Dharashiv,2025-04,2025-04-01,26.99,26.98,0.0040294073166691185,0.0040294073166691185
Dharashiv,2025-05,2025-05-01,27.07,27.06,0.0040294073166691185,0.0040294073166691185
Dharashiv,2025-06,2025-06-01,27.29,27.26,0.0040294073166691185,0.0040294073166691185
Dharashiv,2025-07,2025-07-01,27.28,27.25,0.03649635761270339,0.06325332526317695
Dharashiv,2025-08,2025-08-01,27.1,27.09,0.051152943335394066,0.051152943335394066
Dharashiv,2025-09,2025-09-01,27.34,27.32,0.005784233769141502,0.006437437311513408
Dharashiv,2025-10,2025-10-01,27.07,27.05,0.06062080535412665,0.04550193263744821
Dharashiv,2025-11,2025-11-01,27.41,27.38,0.007981467336107594,0.04565069980470804
Dharashiv,2025-12,2025-12-01,27.29,27.25,0.006854340991841291,0.00976251624978053
Dharashiv,2026-01,2026-01-01,26.59,26.59,0.06578777716404742,0.06578777716404742
Dhule,2025-03,2025-03-01,33.01,32.52,0.04646038782808469,0.04646038782808469
Dhule,2025-04,2025-04-01,30.87,30.51,0.344988891161511,0.5438545832215975
Dhule,2025-05,2025-05-01,34.5,34.04,0.12398323128313446,0.20894507198930193
Dhule,2025-06,2025-06-01,35.19,34.65,0.14627903769179937,0.2724071700108454
Dhule,2025-07,2025-07-01,34.74,34.23,0.40429134670536604,0.522252025628801
Dhule,2025-08,2025-08-01,31.28,30.97,0.27710724780773816,0.38309659744114233
Dhule,2025-09,2025-09-01,38.56,37.82,0.1213069354002679,0.2364399964527218
Dhule,2025-10,2025-10-01,34.87,34.26,0.9566568866605542,0.9075506552473029
Dhule,2025-11,2025-11-01,38.99,38.07,0.08619962606455574,0.3838808286642702
Dhule,2025-12,2025-12-01,31.97,31.33,0.6298739187376444,0.4909401424220102
Dhule,2026-01,2026-01-01,25.9,25.84,0.11201015367307311,0.11201015367307311
Gadchiroli,2025-03,2025-03-01,30.39,30.13,0.010456537186334821,0.010456537186334821
Gadchiroli,2025-04,2025-04-01,29.35,29.15,0.08780384533206644,0.059222631423756736
Gadchiroli,2025-05,2025-05-01,31.03,30.76,0.04462888653418061,0.049532839421501614
Gadchiroli,2025-06,2025-06-01,34.51,34.0,0.10646104949626901,0.10646104949626901
Gadchiroli,2025-07,2025-07-01,30.36,30.12,0.036749400130292514,0.036749400130292514
Gadchiroli,2025-08,2025-08-01,29.38,29.18,0.005880346609994461,0.05153035719121789
Gadchiroli,2025-09,2025-09-01,33.93,33.49,0.026165085041051844,0.026165085041051844
Gadchiroli,2025-10,2025-10-01,36.61,35.95,0.6464311127340842,0.4994685720029594
Gadchiroli,2025-11,2025-11-01,39.17,38.25,0.1477722357179268,0.9217181220714098
Gadchiroli,2025-12,2025-12-01,30.35,29.77,0.4743056401934531,0.4323632749254655
Gadchiroli,2026-01,2026-01-01,26.57,26.53,0.03472952491939591,0.03472952491939591
Gondia,2025-05,2025-05-01,26.95,26.95,0.010456537186334821,0.010456537186334821
Gondia,2025-06,2025-06-01,27.0,26.99,0.0040294073166691185,0.0040294073166691185
Gondia,2025-07,2025-07-01,26.98,26.98,0.06325332526317695,0.057121739402764986
Gondia,2025-08,2025-08-01,26.99,26.99,0.006437437311513408,0.009170361028452333
Gondia,2025-09,2025-09-01,27.05,27.04,0.005784233769141502,0.006437437311513408
Gondia,2025-10,2025-10-01,27.13,27.12,0.005784233769141502,0.005784233769141502
Gondia,2025-11,2025-11-01,27.18,27.16,0.009170361028452333,0.030802216784172227
Gondia,2025-12,2025-12-01,26.95,26.94,0.05430744213780769,0.05430744213780769
Gondia,2026-01,2026-01-01,26.92,26.92,0.051152943335394066,0.051152943335394066
Gondiya,2025-03,2025-03-01,28.97,28.78,0.010456537186334821,0.010456537186334821
Gondiya,2025-04,2025-04-01,28.41,28.25,0.01256420352010143,0.011384655767253435
Gondiya,2025-05,2025-05-01,30.93,30.68,0.005593694492805,0.005593694492805
Gondiya,2025-05,2025-05-01,30.93,30.68,0.005593694492805,0.05400982424859137
Gondiya,2025-05,2025-05-01,30.93,30.68,0.05400982424859137,0.005593694492805
Gondiya,2025-05,2025-05-01,30.93,30.68,0.05400982424859137,0.05400982424859137
Gondiya,2025-05,2025-05-01,30.93,26.76,0.005593694492805,0.005593694492805
Gondiya,2025-05,2025-05-01,30.93,26.76,0.005593694492805,0.05400982424859137
Gondiya,2025-05,2025-05-01,30.93,26.76,0.05400982424859137,0.005593694492805
Gondiya,2025-05,2025-05-01,30.93,26.76,0.05400982424859137,0.05400982424859137
Gondiya,2025-05,2025-05-01,26.77,30.68,0.005593694492805,0.005593694492805
Gondiya,2025-05,2025-05-01,26.77,30.68,0.005593694492805,0.05400982424859137
Gondiya,2025-05,2025-05-01,26.77,30.68,0.05400982424859137,0.005593694492805
Gondiya,2025-05,2025-05-01,26.77,30.68,0.05400982424859137,0.05400982424859137
Gondiya,2025-05,2025-05-01,26.77,26.76,0.005593694492805,0.005593694492805
Gondiya,2025-05,2025-05-01,26.77,26.76,0.005593694492805,0.05400982424859137
Gondiya,2025-05,2025-05-01,26.77,26.76,0.05400982424859137,0.005593694492805
Gondiya,2025-05,2025-05-01,26.77,26.76,0.05400982424859137,0.05400982424859137
Gondiya,2025-06,2025-06-01,31.91,31.56,0.027326591717270154,0.027373116979153213
Gondiya,2025-06,2025-06-01,31.91,31.56,0.027326591717270154,0.04159145061774047
Gondiya,2025-06,2025-06-01,31.91,31.56,0.04159145061774047,0.027373116979153213
Gondiya,2025-06,2025-06-01,31.91,31.56,0.04159145061774047,0.04159145061774047
Gondiya,2025-06,2025-06-01,31.91,26.38,0.027326591717270154,0.027373116979153213
Gondiya,2025-06,2025-06-01,31.91,26.38,0.027326591717270154,0.04159145061774047
Gondiya,2025-06,2025-06-01,31.91,26.38,0.04159145061774047,0.027373116979153213
Gondiya,2025-06,2025-06-01,31.91,26.38,0.04159145061774047,0.04159145061774047
Gondiya,2025-06,2025-06-01,26.39,31.56,0.027326591717270154,0.027373116979153213
Gondiya,2025-06,2025-06-01,26.39,31.56,0.027326591717270154,0.04159145061774047
Gondiya,2025-06,2025-06-01,26.39,31.56,0.04159145061774047,0.027373116979153213
Gondiya,2025-06,2025-06-01,26.39,31.56,0.04159145061774047,0.04159145061774047
Gondiya,2025-06,2025-06-01,26.39,26.38,0.027326591717270154,0.027373116979153213
Gondiya,2025-06,2025-06-01,26.39,26.38,0.027326591717270154,0.04159145061774047
Gondiya,2025-06,2025-06-01,26.39,26.38,0.04159145061774047,0.027373116979153213
Gondiya,2025-06,2025-06-01,26.39,26.38,0.04159145061774047,0.04159145061774047
Gondiya,2025-07,2025-07-01,28.98,28.86,0.0040294073166691185,0.0040294073166691185
Gondiya,2025-07,2025-07-01,28.98,28.86,0.0040294073166691185,0.051152943335394066
Gondiya,2025-07,2025-07-01,28.98,28.86,0.051152943335394066,0.0040294073166691185
Gondiya,2025-07,2025-07-01,28.98,28.86,0.051152943335394066,0.051152943335394066
Gondiya,2025-07,2025-07-01,28.98,27.02,0.0040294073166691185,0.0040294073166691185
Gondiya,2025-07,2025-07-01,28.98,27.02,0.0040294073166691185,0.051152943335394066
Gondiya,2025-07,2025-07-01,28.98,27.02,0.051152943335394066,0.0040294073166691185
Gondiya,2025-07,2025-07-01,28.98,27.02,0.051152943335394066,0.051152943335394066
Gondiya,2025-07,2025-07-01,27.02,28.86,0.0040294073166691185,0.0040294073166691185
Gondiya,2025-07,2025-07-01,27.02,28.86,0.0040294073166691185,0.051152943335394066
Gondiya,2025-07,2025-07-01,27.02,28.86,0.051152943335394066,0.0040294073166691185
Gondiya,2025-07,2025-07-01,27.02,28.86,0.051152943335394066,0.051152943335394066
Gondiya,2025-07,2025-07-01,27.02,27.02,0.0040294073166691185,0.0040294073166691185
Gondiya,2025-07,2025-07-01,27.02,27.02,0.0040294073166691185,0.051152943335394066
Gondiya,2025-07,2025-07-01,27.02,27.02,0.051152943335394066,0.0040294073166691185
Gondiya,2025-07,2025-07-01,27.02,27.02,0.051152943335394066,0.051152943335394066
Gondiya,2025-08,2025-08-01,29.3,29.14,0.0040294073166691185,0.0040294073166691185
Gondiya,2025-08,2025-08-01,29.3,29.14,0.0040294073166691185,0.051152943335394066
Gondiya,2025-08,2025-08-01,29.3,29.14,0.051152943335394066,0.0040294073166691185
Gondiya,2025-08,2025-08-01,29.3,29.14,0.051152943335394066,0.051152943335394066
Gondiya,2025-08,2025-08-01,29.3,27.03,0.0040294073166691185,0.0040294073166691185
Gondiya,2025-08,2025-08-01,29.3,27.03,0.0040294073166691185,0.051152943335394066
Gondiya,2025-08,2025-08-01,29.3,27.03,0.051152943335394066,0.0040294073166691185
Gondiya,2025-08,2025-08-01,29.3,27.03,0.051152943335394066,0.051152943335394066
Gondiya,2025-08,2025-08-01,27.03,29.14,0.0040294073166691185,0.0040294073166691185
Gondiya,2025-08,2025-08-01,27.03,29.14,0.0040294073166691185,0.051152943335394066
Gondiya,2025-08,2025-08-01,27.03,29.14,0.051152943335394066,0.0040294073166691185
Gondiya,2025-08,2025-08-01,27.03,29.14,0.051152943335394066,0.051152943335394066
Gondiya,2025-08,2025-08-01,27.03,27.03,0.0040294073166691185,0.0040294073166691185
Gondiya,2025-08,2025-08-01,27.03,27.03,0.0040294073166691185,0.051152943335394066
Gondiya,2025-08,2025-08-01,27.03,27.03,0.051152943335394066,0.0040294073166691185
Gondiya,2025-08,2025-08-01,27.03,27.03,0.051152943335394066,0.051152943335394066
Gondiya,2025-09,2025-09-01,33.61,33.17,0.02008646995261232,0.04063011972124326
Gondiya,2025-09,2025-09-01,33.61,33.17,0.02008646995261232,0.11375324387110512
Gondiya,2025-09,2025-09-01,33.61,33.17,0.11375324387110512,0.04063011972124326
Gondiya,2025-09,2025-09-01,33.61,33.17,0.11375324387110512,0.11375324387110512
Gondiya,2025-09,2025-09-01,33.61,26.0,0.02008646995261232,0.04063011972124326
Gondiya,2025-09,2025-09-01,33.61,26.0,0.02008646995261232,0.11375324387110512
Gondiya,2025-09,2025-09-01,33.61,26.0,0.11375324387110512,0.04063011972124326
Gondiya,2025-09,2025-09-01,33.61,26.0,0.11375324387110512,0.11375324387110512
Gondiya,2025-09,2025-09-01,26.01,33.17,0.02008646995261232,0.04063011972124326
Gondiya,2025-09,2025-09-01,26.01,33.17,0.02008646995261232,0.11375324387110512
Gondiya,2025-09,2025-09-01,26.01,33.17,0.11375324387110512,0.04063011972124326
Gondiya,2025-09,2025-09-01,26.01,33.17,0.11375324387110512,0.11375324387110512
Gondiya,2025-09,2025-09-01,26.01,26.0,0.02008646995261232,0.04063011972124326
Gondiya,2025-09,2025-09-01,26.01,26.0,0.02008646995261232,0.11375324387110512
Gondiya,2025-09,2025-09-01,26.01,26.0,0.11375324387110512,0.04063011972124326
Gondiya,2025-09,2025-09-01,26.01,26.0,0.11375324387110512,0.11375324387110512
Gondiya,2025-10,2025-10-01,35.64,35.1,0.01752973656668366,0.01752973656668366
Gondiya,2025-10,2025-10-01,35.64,35.1,0.01752973656668366,0.6888650229976531
Gondiya,2025-10,2025-10-01,35.64,35.1,0.6888650229976531,0.01752973656668366
Gondiya,2025-10,2025-10-01,35.64,35.1,0.6888650229976531,0.6888650229976531
Gondiya,2025-10,2025-10-01,35.64,23.95,0.01752973656668366,0.01752973656668366
Gondiya,2025-10,2025-10-01,35.64,23.95,0.01752973656668366,0.6888650229976531
Gondiya,2025-10,2025-10-01,35.64,23.95,0.6888650229976531,0.01752973656668366
Gondiya,2025-10,2025-10-01,35.64,23.95,0.6888650229976531,0.6888650229976531
Gondiya,2025-10,2025-10-01,23.97,35.1,0.01752973656668366,0.01752973656668366
Gondiya,2025-10,2025-10-01,23.97,35.1,0.01752973656668366,0.6888650229976531
Gondiya,2025-10,2025-10-01,23.97,35.1,0.6888650229976531,0.01752973656668366
Gondiya,2025-10,2025-10-01,23.97,35.1,0.6888650229976531,0.6888650229976531
Gondiya,2025-10,2025-10-01,23.97,23.95,0.01752973656668366,0.01752973656668366
Gondiya,2025-10,2025-10-01,23.97,23.95,0.01752973656668366,0.6888650229976531
Gondiya,2025-10,2025-10-01,23.97,23.95,0.6888650229976531,0.01752973656668366
Gondiya,2025-10,2025-10-01,23.97,23.95,0.6888650229976531,0.6888650229976531
Gondiya,2025-11,2025-11-01,39.44,38.72,0.044350992278772525,0.020961085648708917
Gondiya,2025-11,2025-11-01,39.44,38.72,0.044350992278772525,0.09326208556770336
Gondiya,2025-11,2025-11-01,39.44,38.72,0.07390895766553626,0.020961085648708917
Gondiya,2025-11,2025-11-01,39.44,38.72,0.07390895766553626,0.09326208556770336
Gondiya,2025-11,2025-11-01,39.44,20.64,0.044350992278772525,0.020961085648708917
Gondiya,2025-11,2025-11-01,39.44,20.64,0.044350992278772525,0.09326208556770336
Gondiya,2025-11,2025-11-01,39.44,20.64,0.07390895766553626,0.020961085648708917
Gondiya,2025-11,2025-11-01,39.44,20.64,0.07390895766553626,0.09326208556770336
Gondiya,2025-11,2025-11-01,20.67,38.72,0.044350992278772525,0.020961085648708917
Gondiya,2025-11,2025-11-01,20.67,38.72,0.044350992278772525,0.09326208556770336
Gondiya,2025-11,2025-11-01,20.67,38.72,0.07390895766553626,0.020961085648708917
Gondiya,2025-11,2025-11-01,20.67,38.72,0.07390895766553626,0.09326208556770336
Gondiya,2025-11,2025-11-01,20.67,20.64,0.044350992278772525,0.020961085648708917
Gondiya,2025-11,2025-11-01,20.67,20.64,0.044350992278772525,0.09326208556770336
Gondiya,2025-11,2025-11-01,20.67,20.64,0.07390895766553626,0.020961085648708917
Gondiya,2025-11,2025-11-01,20.67,20.64,0.07390895766553626,0.09326208556770336
Gondiya,2025-12,2025-12-01,34.9,34.5,0.0036412739307806656,0.0036412739307806656
Gondiya,2025-12,2025-12-01,34.9,34.5,0.0036412739307806656,0.18981718900475014
Gondiya,2025-12,2025-12-01,34.9,34.5,0.18981718900475014,0.0036412739307806656
Gondiya,2025-12,2025-12-01,34.9,34.5,0.18981718900475014,0.18981718900475014
Gondiya,2025-12,2025-12-01,34.9,24.41,0.0036412739307806656,0.0036412739307806656
Gondiya,2025-12,2025-12-01,34.9,24.41,0.0036412739307806656,0.18981718900475014
Gondiya,2025-12,2025-12-01,34.9,24.41,0.18981718900475014,0.0036412739307806656
Gondiya,2025-12,2025-12-01,34.9,24.41,0.18981718900475014,0.18981718900475014
Gondiya,2025-12,2025-12-01,24.43,34.5,0.0036412739307806656,0.0036412739307806656
Gondiya,2025-12,2025-12-01,24.43,34.5,0.0036412739307806656,0.18981718900475014
Gondiya,2025-12,2025-12-01,24.43,34.5,0.18981718900475014,0.0036412739307806656
Gondiya,2025-12,2025-12-01,24.43,34.5,0.18981718900475014,0.18981718900475014
Gondiya,2025-12,2025-12-01,24.43,24.41,0.0036412739307806656,0.0036412739307806656
Gondiya,2025-12,2025-12-01,24.43,24.41,0.0036412739307806656,0.18981718900475014
Gondiya,2025-12,2025-12-01,24.43,24.41,0.18981718900475014,0.0036412739307806656
Gondiya,2025-12,2025-12-01,24.43,24.41,0.18981718900475014,0.18981718900475014
Gondiya,2026-01,2026-01-01,28.19,28.15,0.004157291590751147,0.004943570104945645
Gondiya,2026-01,2026-01-01,28.19,28.15,0.004157291590751147,0.05400982424859137
Gondiya,2026-01,2026-01-01,28.19,28.15,0.06578777716404742,0.004943570104945645
Gondiya,2026-01,2026-01-01,28.19,28.15,0.06578777716404742,0.05400982424859137
Gondiya,2026-01,2026-01-01,28.19,26.76,0.004157291590751147,0.004943570104945645
Gondiya,2026-01,2026-01-01,28.19,26.76,0.004157291590751147,0.05400982424859137
Gondiya,2026-01,2026-01-01,28.19,26.76,0.06578777716404742,0.004943570104945645
Gondiya,2026-01,2026-01-01,28.19,26.76,0.06578777716404742,0.05400982424859137
Gondiya,2026-01,2026-01-01,26.76,28.15,0.004157291590751147,0.004943570104945645
Gondiya,2026-01,2026-01-01,26.76,28.15,0.004157291590751147,0.05400982424859137
Gondiya,2026-01,2026-01-01,26.76,28.15,0.06578777716404742,0.004943570104945645
Gondiya,2026-01,2026-01-01,26.76,28.15,0.06578777716404742,0.05400982424859137
Gondiya,2026-01,2026-01-01,26.76,26.76,0.004157291590751147,0.004943570104945645
Gondiya,2026-01,2026-01-01,26.76,26.76,0.004157291590751147,0.05400982424859137
Gondiya,2026-01,2026-01-01,26.76,26.76,0.06578777716404742,0.004943570104945645
Gondiya,2026-01,2026-01-01,26.76,26.76,0.06578777716404742,0.05400982424859137
Hingoli,2025-03,2025-03-01,29.23,28.98,0.010456537186334821,0.010456537186334821
Hingoli,2025-04,2025-04-01,27.97,27.78,0.005708797102144474,0.005708797102144474
Hingoli,2025-05,2025-05-01,31.79,31.52,0.0466579525586986,0.051772782696645286
Hingoli,2025-05,2025-05-01,31.79,31.52,0.0466579525586986,0.8527707425480199
Hingoli,2025-05,2025-05-01,31.79,31.52,0.3499046015304316,0.051772782696645286
Hingoli,2025-05,2025-05-01,31.79,31.52,0.3499046015304316,0.8527707425480199
Hingoli,2025-05,2025-05-01,31.79,26.94,0.0466579525586986,0.051772782696645286
Hingoli,2025-05,2025-05-01,31.79,26.94,0.0466579525586986,0.8527707425480199
Hingoli,2025-05,2025-05-01,31.79,26.94,0.3499046015304316,0.051772782696645286
Hingoli,2025-05,2025-05-01,31.79,26.94,0.3499046015304316,0.8527707425480199
Hingoli,2025-05,2025-05-01,26.94,31.52,0.0466579525586986,0.051772782696645286
Hingoli,2025-05,2025-05-01,26.94,31.52,0.0466579525586986,0.8527707425480199
Hingoli,2025-05,2025-05-01,26.94,31.52,0.3499046015304316,0.051772782696645286
Hingoli,2025-05,2025-05-01,26.94,31.52,0.3499046015304316,0.8527707425480199
Hingoli,2025-05,2025-05-01,26.94,26.94,0.0466579525586986,0.051772782696645286
Hingoli,2025-05,2025-05-01,26.94,26.94,0.0466579525586986,0.8527707425480199
Hingoli,2025-05,2025-05-01,26.94,26.94,0.3499046015304316,0.051772782696645286
Hingoli,2025-05,2025-05-01,26.94,26.94,0.3499046015304316,0.8527707425480199
Hingoli,2025-06,2025-06-01,36.64,35.53,0.031462262988156436,0.03151560135022793
Hingoli,2025-06,2025-06-01,36.64,35.53,0.031462262988156436,0.8989840297695768
Hingoli,2025-06,2025-06-01,36.64,35.53,0.8989840297695768,0.03151560135022793
Hingoli,2025-06,2025-06-01,36.64,35.53,0.8989840297695768,0.8989840297695768
Hingoli,2025-06,2025-06-01,36.64,26.94,0.031462262988156436,0.03151560135022793
Hingoli,2025-06,2025-06-01,36.64,26.94,0.031462262988156436,0.8989840297695768
Hingoli,2025-06,2025-06-01,36.64,26.94,0.8989840297695768,0.03151560135022793
Hingoli,2025-06,2025-06-01,36.64,26.94,0.8989840297695768,0.8989840297695768
Hingoli,2025-06,2025-06-01,26.94,35.53,0.031462262988156436,0.03151560135022793
Hingoli,2025-06,2025-06-01,26.94,35.53,0.031462262988156436,0.8989840297695768
Hingoli,2025-06,2025-06-01,26.94,35.53,0.8989840297695768,0.03151560135022793
Hingoli,2025-06,2025-06-01,26.94,35.53,0.8989840297695768,0.8989840297695768
Hingoli,2025-06,2025-06-01,26.94,26.94,0.031462262988156436,0.03151560135022793
Hingoli,2025-06,2025-06-01,26.94,26.94,0.031462262988156436,0.8989840297695768
Hingoli,2025-06,2025-06-01,26.94,26.94,0.8989840297695768,0.03151560135022793
Hingoli,2025-06,2025-06-01,26.94,26.94,0.8989840297695768,0.8989840297695768
Hingoli,2025-07,2025-07-01,45.09,42.71,0.031462262988156436,0.03151560135022793
Hingoli,2025-07,2025-07-01,45.09,42.71,0.031462262988156436,0.35856770786804343
Hingoli,2025-07,2025-07-01,45.09,42.71,0.13280995114137698,0.03151560135022793
Hingoli,2025-07,2025-07-01,45.09,42.71,0.13280995114137698,0.35856770786804343
Hingoli,2025-07,2025-07-01,45.09,26.94,0.031462262988156436,0.03151560135022793
Hingoli,2025-07,2025-07-01,45.09,26.94,0.031462262988156436,0.35856770786804343
Hingoli,2025-07,2025-07-01,45.09,26.94,0.13280995114137698,0.03151560135022793
Hingoli,2025-07,2025-07-01,45.09,26.94,0.13280995114137698,0.35856770786804343
Hingoli,2025-07,2025-07-01,26.94,42.71,0.031462262988156436,0.03151560135022793
Hingoli,2025-07,2025-07-01,26.94,42.71,0.031462262988156436,0.35856770786804343
Hingoli,2025-07,2025-07-01,26.94,42.71,0.13280995114137698,0.03151560135022793
Hingoli,2025-07,2025-07-01,26.94,42.71,0.13280995114137698,0.35856770786804343
Hingoli,2025-07,2025-07-01,26.94,26.94,0.031462262988156436,0.03151560135022793
Hingoli,2025-07,2025-07-01,26.94,26.94,0.031462262988156436,0.35856770786804343
Hingoli,2025-07,2025-07-01,26.94,26.94,0.13280995114137698,0.03151560135022793
Hingoli,2025-07,2025-07-01,26.94,26.94,0.13280995114137698,0.35856770786804343
Hingoli,2025-08,2025-08-01,35.43,34.38,0.0040294073166691185,0.0040294073166691185
Hingoli,2025-08,2025-08-01,35.43,34.38,0.0040294073166691185,0.9102379301490051
Hingoli,2025-08,2025-08-01,35.43,34.38,0.883760644573124,0.0040294073166691185
Hingoli,2025-08,2025-08-01,35.43,34.38,0.883760644573124,0.9102379301490051
Hingoli,2025-08,2025-08-01,35.43,26.94,0.0040294073166691185,0.0040294073166691185
Hingoli,2025-08,2025-08-01,35.43,26.94,0.0040294073166691185,0.9102379301490051
Hingoli,2025-08,2025-08-01,35.43,26.94,0.883760644573124,0.0040294073166691185
Hingoli,2025-08,2025-08-01,35.43,26.94,0.883760644573124,0.9102379301490051
Hingoli,2025-08,2025-08-01,26.94,34.38,0.0040294073166691185,0.0040294073166691185
Hingoli,2025-08,2025-08-01,26.94,34.38,0.0040294073166691185,0.9102379301490051
Hingoli,2025-08,2025-08-01,26.94,34.38,0.883760644573124,0.0040294073166691185
Hingoli,2025-08,2025-08-01,26.94,34.38,0.883760644573124,0.9102379301490051
Hingoli,2025-08,2025-08-01,26.94,26.94,0.0040294073166691185,0.0040294073166691185
Hingoli,2025-08,2025-08-01,26.94,26.94,0.0040294073166691185,0.9102379301490051
Hingoli,2025-08,2025-08-01,26.94,26.94,0.883760644573124,0.0040294073166691185
Hingoli,2025-08,2025-08-01,26.94,26.94,0.883760644573124,0.9102379301490051
Hingoli,2025-09,2025-09-01,49.66,46.91,0.0361513323562895,0.0361513323562895
Hingoli,2025-09,2025-09-01,49.66,46.91,0.0361513323562895,0.1936096090276756
Hingoli,2025-09,2025-09-01,49.66,46.91,0.9123835206814362,0.0361513323562895
Hingoli,2025-09,2025-09-01,49.66,46.91,0.9123835206814362,0.1936096090276756
Hingoli,2025-09,2025-09-01,49.66,25.73,0.0361513323562895,0.0361513323562895
Hingoli,2025-09,2025-09-01,49.66,25.73,0.0361513323562895,0.1936096090276756
Hingoli,2025-09,2025-09-01,49.66,25.73,0.9123835206814362,0.0361513323562895
Hingoli,2025-09,2025-09-01,49.66,25.73,0.9123835206814362,0.1936096090276756
Hingoli,2025-09,2025-09-01,25.73,46.91,0.0361513323562895,0.0361513323562895
Hingoli,2025-09,2025-09-01,25.73,46.91,0.0361513323562895,0.1936096090276756
Hingoli,2025-09,2025-09-01,25.73,46.91,0.9123835206814362,0.0361513323562895
Hingoli,2025-09,2025-09-01,25.73,46.91,0.9123835206814362,0.1936096090276756
Hingoli,2025-09,2025-09-01,25.73,25.73,0.0361513323562895,0.0361513323562895
Hingoli,2025-09,2025-09-01,25.73,25.73,0.0361513323562895,0.1936096090276756
Hingoli,2025-09,2025-09-01,25.73,25.73,0.9123835206814362,0.0361513323562895
Hingoli,2025-09,2025-09-01,25.73,25.73,0.9123835206814362,0.1936096090276756
Hingoli,2025-10,2025-10-01,42.08,40.63,0.019992073360121702,0.019992073360121702
Hingoli,2025-10,2025-10-01,42.08,40.63,0.019992073360121702,0.7598092761384021
Hingoli,2025-10,2025-10-01,42.08,40.63,0.9151402930292832,0.019992073360121702
Hingoli,2025-10,2025-10-01,42.08,40.63,0.9151402930292832,0.7598092761384021
Hingoli,2025-10,2025-10-01,42.08,22.39,0.019992073360121702,0.019992073360121702
Hingoli,2025-10,2025-10-01,42.08,22.39,0.019992073360121702,0.7598092761384021
Hingoli,2025-10,2025-10-01,42.08,22.39,0.9151402930292832,0.019992073360121702
Hingoli,2025-10,2025-10-01,42.08,22.39,0.9151402930292832,0.7598092761384021
Hingoli,2025-10,2025-10-01,22.39,40.63,0.019992073360121702,0.019992073360121702
Hingoli,2025-10,2025-10-01,22.39,40.63,0.019992073360121702,0.7598092761384021
Hingoli,2025-10,2025-10-01,22.39,40.63,0.9151402930292832,0.019992073360121702
Hingoli,2025-10,2025-10-01,22.39,40.63,0.9151402930292832,0.7598092761384021
Hingoli,2025-10,2025-10-01,22.39,22.39,0.019992073360121702,0.019992073360121702
Hingoli,2025-10,2025-10-01,22.39,22.39,0.019992073360121702,0.7598092761384021
Hingoli,2025-10,2025-10-01,22.39,22.39,0.9151402930292832,0.019992073360121702
Hingoli,2025-10,2025-10-01,22.39,22.39,0.9151402930292832,0.7598092761384021
Hingoli,2025-11,2025-11-01,52.7,50.85,0.005059010165845668,0.0057481809311314734
Hingoli,2025-11,2025-11-01,52.7,50.85,0.005059010165845668,0.9197640930683427
Hingoli,2025-11,2025-11-01,52.7,50.85,0.9197640930683427,0.0057481809311314734
Hingoli,2025-11,2025-11-01,52.7,50.85,0.9197640930683427,0.9197640930683427
Hingoli,2025-11,2025-11-01,52.7,10.19,0.005059010165845668,0.0057481809311314734
Hingoli,2025-11,2025-11-01,52.7,10.19,0.005059010165845668,0.9197640930683427
Hingoli,2025-11,2025-11-01,52.7,10.19,0.9197640930683427,0.0057481809311314734
Hingoli,2025-11,2025-11-01,52.7,10.19,0.9197640930683427,0.9197640930683427
Hingoli,2025-11,2025-11-01,10.19,50.85,0.005059010165845668,0.0057481809311314734
Hingoli,2025-11,2025-11-01,10.19,50.85,0.005059010165845668,0.9197640930683427
Hingoli,2025-11,2025-11-01,10.19,50.85,0.9197640930683427,0.0057481809311314734
Hingoli,2025-11,2025-11-01,10.19,50.85,0.9197640930683427,0.9197640930683427
Hingoli,2025-11,2025-11-01,10.19,10.19,0.005059010165845668,0.0057481809311314734
Hingoli,2025-11,2025-11-01,10.19,10.19,0.005059010165845668,0.9197640930683427
Hingoli,2025-11,2025-11-01,10.19,10.19,0.9197640930683427,0.0057481809311314734
Hingoli,2025-11,2025-11-01,10.19,10.19,0.9197640930683427,0.9197640930683427
Hingoli,2025-12,2025-12-01,44.08,43.07,0.07464661704432222,0.020961085648708917
Hingoli,2025-12,2025-12-01,44.08,43.07,0.07464661704432222,0.06529307078500675
Hingoli,2025-12,2025-12-01,44.08,43.07,0.1585615740424222,0.020961085648708917
Hingoli,2025-12,2025-12-01,44.08,43.07,0.1585615740424222,0.06529307078500675
Hingoli,2025-12,2025-12-01,44.08,22.43,0.07464661704432222,0.020961085648708917
Hingoli,2025-12,2025-12-01,44.08,22.43,0.07464661704432222,0.06529307078500675
Hingoli,2025-12,2025-12-01,44.08,22.43,0.1585615740424222,0.020961085648708917
Hingoli,2025-12,2025-12-01,44.08,22.43,0.1585615740424222,0.06529307078500675
Hingoli,2025-12,2025-12-01,22.43,43.07,0.07464661704432222,0.020961085648708917
Hingoli,2025-12,2025-12-01,22.43,43.07,0.07464661704432222,0.06529307078500675
Hingoli,2025-12,2025-12-01,22.43,43.07,0.1585615740424222,0.020961085648708917
Hingoli,2025-12,2025-12-01,22.43,43.07,0.1585615740424222,0.06529307078500675
Hingoli,2025-12,2025-12-01,22.43,22.43,0.07464661704432222,0.020961085648708917
Hingoli,2025-12,2025-12-01,22.43,22.43,0.07464661704432222,0.06529307078500675
Hingoli,2025-12,2025-12-01,22.43,22.43,0.1585615740424222,0.020961085648708917
Hingoli,2025-12,2025-12-01,22.43,22.43,0.1585615740424222,0.06529307078500675
Hingoli,2026-01,2026-01-01,29.79,29.61,0.004175845429725391,0.004175845429725391
Hingoli,2026-01,2026-01-01,29.79,29.61,0.004175845429725391,0.9349659235772892
Hingoli,2026-01,2026-01-01,29.79,29.61,0.9349659235772892,0.004175845429725391
Hingoli,2026-01,2026-01-01,29.79,29.61,0.9349659235772892,0.9349659235772892
Hingoli,2026-01,2026-01-01,29.79,26.69,0.004175845429725391,0.004175845429725391
Hingoli,2026-01,2026-01-01,29.79,26.69,0.004175845429725391,0.9349659235772892
Hingoli,2026-01,2026-01-01,29.79,26.69,0.9349659235772892,0.004175845429725391
Hingoli,2026-01,2026-01-01,29.79,26.69,0.9349659235772892,0.9349659235772892
Hingoli,2026-01,2026-01-01,26.69,29.61,0.004175845429725391,0.004175845429725391
Hingoli,2026-01,2026-01-01,26.69,29.61,0.004175845429725391,0.9349659235772892
Hingoli,2026-01,2026-01-01,26.69,29.61,0.9349659235772892,0.004175845429725391
Hingoli,2026-01,2026-01-01,26.69,29.61,0.9349659235772892,0.9349659235772892
Hingoli,2026-01,2026-01-01,26.69,26.69,0.004175845429725391,0.004175845429725391
Hingoli,2026-01,2026-01-01,26.69,26.69,0.004175845429725391,0.9349659235772892
Hingoli,2026-01,2026-01-01,26.69,26.69,0.9349659235772892,0.004175845429725391
Hingoli,2026-01,2026-01-01,26.69,26.69,0.9349659235772892,0.9349659235772892
Jalgaon,2025-03,2025-03-01,36.17,35.4,0.04234908892290951,0.04279535757324906
Jalgaon,2025-04,2025-04-01,34.86,34.14,0.7904143477512315,0.7450434317463591
Jalgaon,2025-05,2025-05-01,42.02,41.08,0.8746137469325231,0.9248879858174585
Jalgaon,2025-06,2025-06-01,45.21,44.02,0.8647524453158297,0.8800344761256852
Jalgaon,2025-07,2025-07-01,39.83,38.94,0.8100875754312509,0.7901955406629061
Jalgaon,2025-08,2025-08-01,37.23,36.54,0.871623774195595,0.6903573895167348
Jalgaon,2025-09,2025-09-01,52.04,50.42,0.9716743669065218,0.9516317325517751
Jalgaon,2025-10,2025-10-01,44.98,43.62,0.9479709458881841,0.9453050140092489
Jalgaon,2025-11,2025-11-01,55.51,53.36,0.3045070598379241,0.4367227585574771
Jalgaon,2025-12,2025-12-01,34.57,33.13,0.07545889294996977,0.050869823970854156
Jalgaon,2026-01,2026-01-01,26.18,26.04,0.14809781489006957,0.14809781489006957
Jalna,2025-03,2025-03-01,31.92,31.45,0.04436598433076942,0.04436598433076942
Jalna,2025-04,2025-04-01,29.19,28.88,0.1076535299947642,0.6838553454946553
Jalna,2025-05,2025-05-01,33.52,33.15,0.038544688664797454,0.13291887584738524
Jalna,2025-06,2025-06-01,34.35,33.87,0.10646104949626901,0.1390325482026933
Jalna,2025-07,2025-07-01,33.03,32.63,0.370922398226079,0.5491876708238367
Jalna,2025-08,2025-08-01,33.08,32.68,0.6081730079079455,0.6602974882787386
Jalna,2025-09,2025-09-01,40.27,39.41,0.14433403082752955,0.5432812449105519
Jalna,2025-10,2025-10-01,36.36,35.66,0.9519228893448779,0.9411346750141651
Jalna,2025-11,2025-11-01,40.49,39.41,0.15265624360366006,0.5578038064300012
Jalna,2025-12,2025-12-01,30.59,29.88,0.5537229680438371,0.4665767659092221
Jalna,2026-01,2026-01-01,26.0,25.93,0.10587919487497537,0.10587919487497537
Kolhapur,2025-03,2025-03-01,35.55,34.81,0.04234908892290951,0.04027202999122
Kolhapur,2025-04,2025-04-01,32.62,32.05,0.44934633598070767,0.9260540685266695
Kolhapur,2025-05,2025-05-01,38.65,37.96,0.5080157438289618,0.5699624040945455
Kolhapur,2025-06,2025-06-01,37.56,36.86,0.6718249023658475,0.7416325936918585
Kolhapur,2025-07,2025-07-01,34.05,33.59,0.48479013931450277,0.48479013931450277
Kolhapur,2025-08,2025-08-01,33.5,33.06,0.850632296268951,0.7947318934883288
Kolhapur,2025-09,2025-09-01,45.83,44.61,0.34056757438854396,0.5774478637256861
Kolhapur,2025-10,2025-10-01,37.71,36.87,0.9658823872208165,0.9670845367803007
Kolhapur,2025-11,2025-11-01,49.59,47.96,0.07296446493622805,0.35224352426351746
Kolhapur,2025-12,2025-12-01,29.88,28.77,0.08658340083884929,0.0723803953226662
Kolhapur,2026-01,2026-01-01,24.56,24.46,0.16073899353860224,0.16073899353860224
Latur,2025-03,2025-03-01,33.16,32.59,0.04935152105817532,0.04646038782808469
Latur,2025-04,2025-04-01,32.92,32.33,0.7989069129140886,0.48771871431375674
Latur,2025-05,2025-05-01,40.02,39.25,0.2666953405037234,0.6452571293352197
Latur,2025-06,2025-06-01,36.38,35.72,0.4792367802402443,0.5949004505866177
Latur,2025-07,2025-07-01,34.47,33.99,0.505980265963913,0.505980265963913
Latur,2025-08,2025-08-01,31.05,30.73,0.7887830490996195,0.706901859413497
Latur,2025-09,2025-09-01,39.21,38.43,0.14027099841275326,0.2750602837667565
Latur,2025-10,2025-10-01,35.44,34.77,0.9726744198908381,0.9586735313079967
Latur,2025-11,2025-11-01,47.41,45.94,0.04476476648913464,0.06876329324278488
Latur,2025-12,2025-12-01,25.4,24.62,0.060393889563351386,0.059149393236525384
Latur,2026-01,2026-01-01,26.08,26.0,0.16993332760930965,0.16993332760930965
Mumbai,2025-03,2025-03-01,38.41,37.47,0.04681701223427464,0.04702519788060323
Mumbai,2025-04,2025-04-01,34.13,33.44,0.9366781427656575,0.9530793896250941
Mumbai,2025-05,2025-05-01,43.95,42.92,0.9570803679897294,0.9570803679897294
Mumbai,2025-06,2025-06-01,41.05,40.12,0.4420739716061416,0.6224332782996771
Mumbai,2025-07,2025-07-01,37.63,36.93,0.5552934796970046,0.6434450832610857
Mumbai,2025-08,2025-08-01,36.04,35.44,0.7076820066505582,0.6210697639230827
Mumbai,2025-09,2025-09-01,47.69,46.36,0.9382923991810337,0.9537547371203049
Mumbai,2025-10,2025-10-01,39.25,38.15,0.9055922260025699,0.8564662044320531
Mumbai,2025-11,2025-11-01,53.72,51.87,0.9576671240017803,0.9640490519110394
Mumbai,2025-12,2025-12-01,48.15,46.2,0.4400089550202201,0.6299865867416288
Mumbai,2026-01,2026-01-01,21.76,21.55,0.3586187521313701,0.3586187521313701
Mumbai City,2025-03,2025-03-01,28.61,28.41,0.010456537186334821,0.010456537186334821
Mumbai City,2025-04,2025-04-01,27.51,27.36,0.010234631432797674,0.011384655767253435
Mumbai City,2025-05,2025-05-01,29.13,28.99,0.008869273907394306,0.06128638448548082
Mumbai City,2025-06,2025-06-01,29.15,28.99,0.006437437311513408,0.029943098606805208
Mumbai City,2025-07,2025-07-01,27.99,27.89,0.059222631423756736,0.04443596928516314
Mumbai City,2025-08,2025-08-01,28.16,28.08,0.044118986447510264,0.057121739402764986
Mumbai City,2025-09,2025-09-01,30.94,30.69,0.005913107143595697,0.005913107143595697
Mumbai City,2025-10,2025-10-01,28.73,28.53,0.06062080535412665,0.04550193263744821
Mumbai City,2025-11,2025-11-01,31.46,31.13,0.004900094337546015,0.01241633992454707
Mumbai City,2025-12,2025-12-01,30.53,30.15,0.0059639009816951595,0.02817810963525283
Mumbai City,2026-01,2026-01-01,24.83,24.79,0.3796440623862204,0.3796440623862204
Mumbai Sub Urban,2025-05,2025-05-01,27.09,27.08,0.010456537186334821,0.010456537186334821
Mumbai Sub Urban,2025-06,2025-06-01,27.38,27.35,0.0040294073166691185,0.005254476907970312
Mumbai Sub Urban,2025-07,2025-07-01,27.24,27.22,0.057121739402764986,0.042835742485637894
Mumbai Sub Urban,2025-08,2025-08-01,27.26,27.23,0.009170361028452333,0.06325332526317695
Mumbai Sub Urban,2025-09,2025-09-01,27.5,27.46,0.005784233769141502,0.006437437311513408
Mumbai Sub Urban,2025-10,2025-10-01,27.34,27.31,0.03878395873435536,0.0671012594528032
Mumbai Sub Urban,2025-11,2025-11-01,27.87,27.81,0.005032105855004978,0.005032105855004978
Mumbai Sub Urban,2025-12,2025-12-01,27.6,27.53,0.031833510993836835,0.055368403479701844
Mumbai Sub Urban,2026-01,2026-01-01,26.72,26.72,0.06578777716404742,0.06578777716404742
Mumbai Suburban,2025-03,2025-03-01,33.62,32.77,0.04467131776045656,0.04373572544871287
Mumbai Suburban,2025-04,2025-04-01,27.72,27.19,0.10583128252113883,0.14682648035209284
Mumbai Suburban,2025-05,2025-05-01,35.61,35.09,0.221835867783731,0.6526233584942481
Mumbai Suburban,2025-06,2025-06-01,33.43,32.92,0.21191095075268304,0.33887417285782245
Mumbai Suburban,2025-07,2025-07-01,35.34,34.7,0.26671060727787727,0.5001313631105382
Mumbai Suburban,2025-08,2025-08-01,27.54,27.25,0.8690882487633517,0.810874129859456
Mumbai Suburban,2025-09,2025-09-01,42.17,41.29,0.15626037225253156,0.4358722270114564
Mumbai Suburban,2025-10,2025-10-01,32.78,32.11,0.8649229963349709,0.7686149718709968
Mumbai Suburban,2025-11,2025-11-01,43.81,42.61,0.12951735934175176,0.2104633806161415
Mumbai Suburban,2025-12,2025-12-01,37.95,36.7,0.6145972158532544,0.7930313826932075
Mumbai Suburban,2026-01,2026-01-01,20.21,20.08,0.11171416244560323,0.11171416244560323
Nagpur,2025-03,2025-03-01,39.73,38.54,0.04681701223427464,0.04681701223427464
Nagpur,2025-04,2025-04-01,32.62,31.84,0.9146644523424022,0.9427001858639223
Nagpur,2025-05,2025-05-01,43.6,42.61,0.9492379132444169,0.9492379132444169
Nagpur,2025-06,2025-06-01,42.79,41.74,0.5932195397111582,0.9183056681146774
Nagpur,2025-07,2025-07-01,33.22,32.63,0.498370422750845,0.5956601544646122
Nagpur,2025-08,2025-08-01,34.34,33.84,0.8887785607979299,0.8029796182949182
Nagpur,2025-09,2025-09-01,47.6,46.29,0.9382923991810337,0.9502307549621609
Nagpur,2025-10,2025-10-01,40.37,39.26,0.9365090062336227,0.9186644007452918
Nagpur,2025-11,2025-11-01,52.93,51.06,0.3131566322320889,0.6649194507479957
Nagpur,2025-12,2025-12-01,36.15,34.81,0.07902496302467346,0.05475139643812638
Nagpur,2026-01,2026-01-01,23.3,23.17,0.4113260748321089,0.4113260748321089
Nanded,2025-03,2025-03-01,36.87,35.99,0.04322041448473534,0.04774073544722091
Nanded,2025-04,2025-04-01,31.71,31.11,0.9294175291668594,0.9281990407457836
Nanded,2025-05,2025-05-01,40.85,40.04,0.8868161647199219,0.9656660135307024
Nanded,2025-06,2025-06-01,40.72,39.81,0.408551636936243,0.8770370538507968
Nanded,2025-07,2025-07-01,36.38,35.76,0.5185578665831995,0.4483576896668402
Nanded,2025-08,2025-08-01,34.61,34.09,0.7872469205925118,0.7550214555526374
Nanded,2025-09,2025-09-01,48.66,47.27,0.9649417372211738,0.9718788587102091
Nanded,2025-10,2025-10-01,46.5,45.1,0.9418524364281554,0.9418524364281554
Nanded,2025-11,2025-11-01,62.27,59.53,0.3045070598379241,0.3045070598379241
Nanded,2025-12,2025-12-01,21.46,20.08,0.08110045364690283,0.15257569952626923
Nanded,2026-01,2026-01-01,26.55,26.43,0.19730267636575186,0.19730267636575186
Nandurbar,2025-03,2025-03-01,31.63,31.28,0.04436598433076942,0.07506243706612382
Nandurbar,2025-04,2025-04-01,31.84,31.47,0.023684328233421644,0.41956473243688375
Nandurbar,2025-05,2025-05-01,34.58,34.07,0.10646104949626901,0.1390325482026933
Nandurbar,2025-05,2025-05-01,34.58,34.07,0.10646104949626901,0.05400982424859137
Nandurbar,2025-05,2025-05-01,34.58,34.07,0.05400982424859137,0.1390325482026933
Nandurbar,2025-05,2025-05-01,34.58,34.07,0.05400982424859137,0.05400982424859137
Nandurbar,2025-05,2025-05-01,34.58,26.67,0.10646104949626901,0.1390325482026933
Nandurbar,2025-05,2025-05-01,34.58,26.67,0.10646104949626901,0.05400982424859137
Nandurbar,2025-05,2025-05-01,34.58,26.67,0.05400982424859137,0.1390325482026933
Nandurbar,2025-05,2025-05-01,34.58,26.67,0.05400982424859137,0.05400982424859137
Nandurbar,2025-05,2025-05-01,26.67,34.07,0.10646104949626901,0.1390325482026933
Nandurbar,2025-05,2025-05-01,26.67,34.07,0.10646104949626901,0.05400982424859137
Nandurbar,2025-05,2025-05-01,26.67,34.07,0.05400982424859137,0.1390325482026933
Nandurbar,2025-05,2025-05-01,26.67,34.07,0.05400982424859137,0.05400982424859137
Nandurbar,2025-05,2025-05-01,26.67,26.67,0.10646104949626901,0.1390325482026933
Nandurbar,2025-05,2025-05-01,26.67,26.67,0.10646104949626901,0.05400982424859137
Nandurbar,2025-05,2025-05-01,26.67,26.67,0.05400982424859137,0.1390325482026933
Nandurbar,2025-05,2025-05-01,26.67,26.67,0.05400982424859137,0.05400982424859137
Nandurbar,2025-06,2025-06-01,38.56,37.75,0.05668523435104719,0.07962403017807007
Nandurbar,2025-06,2025-06-01,38.56,37.75,0.05668523435104719,0.07430556457181783
Nandurbar,2025-06,2025-06-01,38.56,37.75,0.07430556457181783,0.07962403017807007
Nandurbar,2025-06,2025-06-01,38.56,37.75,0.07430556457181783,0.07430556457181783
Nandurbar,2025-06,2025-06-01,38.56,26.45,0.05668523435104719,0.07962403017807007
Nandurbar,2025-06,2025-06-01,38.56,26.45,0.05668523435104719,0.07430556457181783
Nandurbar,2025-06,2025-06-01,38.56,26.45,0.07430556457181783,0.07962403017807007
Nandurbar,2025-06,2025-06-01,38.56,26.45,0.07430556457181783,0.07430556457181783
Nandurbar,2025-06,2025-06-01,26.46,37.75,0.05668523435104719,0.07962403017807007
Nandurbar,2025-06,2025-06-01,26.46,37.75,0.05668523435104719,0.07430556457181783
Nandurbar,2025-06,2025-06-01,26.46,37.75,0.07430556457181783,0.07962403017807007
Nandurbar,2025-06,2025-06-01,26.46,37.75,0.07430556457181783,0.07430556457181783
Nandurbar,2025-06,2025-06-01,26.46,26.45,0.05668523435104719,0.07962403017807007
Nandurbar,2025-06,2025-06-01,26.46,26.45,0.05668523435104719,0.07430556457181783
Nandurbar,2025-06,2025-06-01,26.46,26.45,0.07430556457181783,0.07962403017807007
Nandurbar,2025-06,2025-06-01,26.46,26.45,0.07430556457181783,0.07430556457181783
Nandurbar,2025-07,2025-07-01,35.62,35.06,0.04012392984692543,0.04012392984692543
Nandurbar,2025-07,2025-07-01,35.62,35.06,0.04012392984692543,0.05400982424859137
Nandurbar,2025-07,2025-07-01,35.62,35.06,0.05400982424859137,0.04012392984692543
Nandurbar,2025-07,2025-07-01,35.62,35.06,0.05400982424859137,0.05400982424859137
Nandurbar,2025-07,2025-07-01,35.62,26.61,0.04012392984692543,0.04012392984692543
Nandurbar,2025-07,2025-07-01,35.62,26.61,0.04012392984692543,0.05400982424859137
Nandurbar,2025-07,2025-07-01,35.62,26.61,0.05400982424859137,0.04012392984692543
Nandurbar,2025-07,2025-07-01,35.62,26.61,0.05400982424859137,0.05400982424859137
Nandurbar,2025-07,2025-07-01,26.61,35.06,0.04012392984692543,0.04012392984692543
Nandurbar,2025-07,2025-07-01,26.61,35.06,0.04012392984692543,0.05400982424859137
Nandurbar,2025-07,2025-07-01,26.61,35.06,0.05400982424859137,0.04012392984692543
Nandurbar,2025-07,2025-07-01,26.61,35.06,0.05400982424859137,0.05400982424859137
Nandurbar,2025-07,2025-07-01,26.61,26.61,0.04012392984692543,0.04012392984692543
Nandurbar,2025-07,2025-07-01,26.61,26.61,0.04012392984692543,0.05400982424859137
Nandurbar,2025-07,2025-07-01,26.61,26.61,0.05400982424859137,0.04012392984692543
Nandurbar,2025-07,2025-07-01,26.61,26.61,0.05400982424859137,0.05400982424859137
Nandurbar,2025-08,2025-08-01,32.54,32.17,0.02315248577183254,0.04676044359906948
Nandurbar,2025-08,2025-08-01,32.54,32.17,0.02315248577183254,0.06963419112477746
Nandurbar,2025-08,2025-08-01,32.54,32.17,0.051152943335394066,0.04676044359906948
Nandurbar,2025-08,2025-08-01,32.54,32.17,0.051152943335394066,0.06963419112477746
Nandurbar,2025-08,2025-08-01,32.54,27.04,0.02315248577183254,0.04676044359906948
Nandurbar,2025-08,2025-08-01,32.54,27.04,0.02315248577183254,0.06963419112477746
Nandurbar,2025-08,2025-08-01,32.54,27.04,0.051152943335394066,0.04676044359906948
Nandurbar,2025-08,2025-08-01,32.54,27.04,0.051152943335394066,0.06963419112477746
Nandurbar,2025-08,2025-08-01,27.05,32.17,0.02315248577183254,0.04676044359906948
Nandurbar,2025-08,2025-08-01,27.05,32.17,0.02315248577183254,0.06963419112477746
Nandurbar,2025-08,2025-08-01,27.05,32.17,0.051152943335394066,0.04676044359906948
Nandurbar,2025-08,2025-08-01,27.05,32.17,0.051152943335394066,0.06963419112477746
Nandurbar,2025-08,2025-08-01,27.05,27.04,0.02315248577183254,0.04676044359906948
Nandurbar,2025-08,2025-08-01,27.05,27.04,0.02315248577183254,0.06963419112477746
Nandurbar,2025-08,2025-08-01,27.05,27.04,0.051152943335394066,0.04676044359906948
Nandurbar,2025-08,2025-08-01,27.05,27.04,0.051152943335394066,0.06963419112477746
Nandurbar,2025-09,2025-09-01,38.18,37.44,0.059613288731895246,0.07504946850129246
Nandurbar,2025-09,2025-09-01,38.18,37.44,0.059613288731895246,0.07751746528134694
Nandurbar,2025-09,2025-09-01,38.18,37.44,0.07751746528134694,0.07504946850129246
Nandurbar,2025-09,2025-09-01,38.18,37.44,0.07751746528134694,0.07751746528134694
Nandurbar,2025-09,2025-09-01,38.18,26.2,0.059613288731895246,0.07504946850129246
Nandurbar,2025-09,2025-09-01,38.18,26.2,0.059613288731895246,0.07751746528134694
Nandurbar,2025-09,2025-09-01,38.18,26.2,0.07751746528134694,0.07504946850129246
Nandurbar,2025-09,2025-09-01,38.18,26.2,0.07751746528134694,0.07751746528134694
Nandurbar,2025-09,2025-09-01,26.22,37.44,0.059613288731895246,0.07504946850129246
Nandurbar,2025-09,2025-09-01,26.22,37.44,0.059613288731895246,0.07751746528134694
Nandurbar,2025-09,2025-09-01,26.22,37.44,0.07751746528134694,0.07504946850129246
Nandurbar,2025-09,2025-09-01,26.22,37.44,0.07751746528134694,0.07751746528134694
Nandurbar,2025-09,2025-09-01,26.22,26.2,0.059613288731895246,0.07504946850129246
Nandurbar,2025-09,2025-09-01,26.22,26.2,0.059613288731895246,0.07751746528134694
Nandurbar,2025-09,2025-09-01,26.22,26.2,0.07751746528134694,0.07504946850129246
Nandurbar,2025-09,2025-09-01,26.22,26.2,0.07751746528134694,0.07751746528134694
Nandurbar,2025-10,2025-10-01,38.03,37.33,0.058175664914320795,0.034963515862416944
Nandurbar,2025-10,2025-10-01,38.03,37.33,0.058175664914320795,0.15709456211732284
Nandurbar,2025-10,2025-10-01,38.03,37.33,0.15709456211732284,0.034963515862416944
Nandurbar,2025-10,2025-10-01,38.03,37.33,0.15709456211732284,0.15709456211732284
Nandurbar,2025-10,2025-10-01,38.03,25.22,0.058175664914320795,0.034963515862416944
Nandurbar,2025-10,2025-10-01,38.03,25.22,0.058175664914320795,0.15709456211732284
Nandurbar,2025-10,2025-10-01,38.03,25.22,0.15709456211732284,0.034963515862416944
Nandurbar,2025-10,2025-10-01,38.03,25.22,0.15709456211732284,0.15709456211732284
Nandurbar,2025-10,2025-10-01,25.23,37.33,0.058175664914320795,0.034963515862416944
Nandurbar,2025-10,2025-10-01,25.23,37.33,0.058175664914320795,0.15709456211732284
Nandurbar,2025-10,2025-10-01,25.23,37.33,0.15709456211732284,0.034963515862416944
Nandurbar,2025-10,2025-10-01,25.23,37.33,0.15709456211732284,0.15709456211732284
Nandurbar,2025-10,2025-10-01,25.23,25.22,0.058175664914320795,0.034963515862416944
Nandurbar,2025-10,2025-10-01,25.23,25.22,0.058175664914320795,0.15709456211732284
Nandurbar,2025-10,2025-10-01,25.23,25.22,0.15709456211732284,0.034963515862416944
Nandurbar,2025-10,2025-10-01,25.23,25.22,0.15709456211732284,0.15709456211732284
Nandurbar,2025-11,2025-11-01,37.51,36.87,0.13374401227948243,0.03299935133925008
Nandurbar,2025-11,2025-11-01,37.51,36.87,0.13374401227948243,0.18981718900475014
Nandurbar,2025-11,2025-11-01,37.51,36.87,0.18981718900475014,0.03299935133925008
Nandurbar,2025-11,2025-11-01,37.51,36.87,0.18981718900475014,0.18981718900475014
Nandurbar,2025-11,2025-11-01,37.51,24.64,0.13374401227948243,0.03299935133925008
Nandurbar,2025-11,2025-11-01,37.51,24.64,0.13374401227948243,0.18981718900475014
Nandurbar,2025-11,2025-11-01,37.51,24.64,0.18981718900475014,0.03299935133925008
Nandurbar,2025-11,2025-11-01,37.51,24.64,0.18981718900475014,0.18981718900475014
Nandurbar,2025-11,2025-11-01,24.65,36.87,0.13374401227948243,0.03299935133925008
Nandurbar,2025-11,2025-11-01,24.65,36.87,0.13374401227948243,0.18981718900475014
Nandurbar,2025-11,2025-11-01,24.65,36.87,0.18981718900475014,0.03299935133925008
Nandurbar,2025-11,2025-11-01,24.65,36.87,0.18981718900475014,0.18981718900475014
Nandurbar,2025-11,2025-11-01,24.65,24.64,0.13374401227948243,0.03299935133925008
Nandurbar,2025-11,2025-11-01,24.65,24.64,0.13374401227948243,0.18981718900475014
Nandurbar,2025-11,2025-11-01,24.65,24.64,0.18981718900475014,0.03299935133925008
Nandurbar,2025-11,2025-11-01,24.65,24.64,0.18981718900475014,0.18981718900475014
Nandurbar,2025-12,2025-12-01,34.39,33.96,0.020240998818495032,0.0476702264647689
Nandurbar,2025-12,2025-12-01,34.39,33.96,0.020240998818495032,0.1724828653729336
Nandurbar,2025-12,2025-12-01,34.39,33.96,0.1724828653729336,0.0476702264647689
Nandurbar,2025-12,2025-12-01,34.39,33.96,0.1724828653729336,0.1724828653729336
Nandurbar,2025-12,2025-12-01,34.39,25.39,0.020240998818495032,0.0476702264647689
Nandurbar,2025-12,2025-12-01,34.39,25.39,0.020240998818495032,0.1724828653729336
Nandurbar,2025-12,2025-12-01,34.39,25.39,0.1724828653729336,0.0476702264647689
Nandurbar,2025-12,2025-12-01,34.39,25.39,0.1724828653729336,0.1724828653729336
Nandurbar,2025-12,2025-12-01,25.4,33.96,0.020240998818495032,0.0476702264647689
Nandurbar,2025-12,2025-12-01,25.4,33.96,0.020240998818495032,0.1724828653729336
Nandurbar,2025-12,2025-12-01,25.4,33.96,0.1724828653729336,0.0476702264647689
Nandurbar,2025-12,2025-12-01,25.4,33.96,0.1724828653729336,0.1724828653729336
Nandurbar,2025-12,2025-12-01,25.4,25.39,0.020240998818495032,0.0476702264647689
Nandurbar,2025-12,2025-12-01,25.4,25.39,0.020240998818495032,0.1724828653729336
Nandurbar,2025-12,2025-12-01,25.4,25.39,0.1724828653729336,0.0476702264647689
Nandurbar,2025-12,2025-12-01,25.4,25.39,0.1724828653729336,0.1724828653729336
Nandurbar,2026-01,2026-01-01,28.12,28.08,0.0042732088777081125,0.0042732088777081125
Nandurbar,2026-01,2026-01-01,28.12,28.08,0.0042732088777081125,0.04448693415308626
Nandurbar,2026-01,2026-01-01,28.12,28.08,0.04448693415308626,0.0042732088777081125
Nandurbar,2026-01,2026-01-01,28.12,28.08,0.04448693415308626,0.04448693415308626
Nandurbar,2026-01,2026-01-01,28.12,26.83,0.0042732088777081125,0.0042732088777081125
Nandurbar,2026-01,2026-01-01,28.12,26.83,0.0042732088777081125,0.04448693415308626
Nandurbar,2026-01,2026-01-01,28.12,26.83,0.04448693415308626,0.0042732088777081125
Nandurbar,2026-01,2026-01-01,28.12,26.83,0.04448693415308626,0.04448693415308626
Nandurbar,2026-01,2026-01-01,26.83,28.08,0.0042732088777081125,0.0042732088777081125
Nandurbar,2026-01,2026-01-01,26.83,28.08,0.0042732088777081125,0.04448693415308626
Nandurbar,2026-01,2026-01-01,26.83,28.08,0.04448693415308626,0.0042732088777081125
Nandurbar,2026-01,2026-01-01,26.83,28.08,0.04448693415308626,0.04448693415308626
Nandurbar,2026-01,2026-01-01,26.83,26.83,0.0042732088777081125,0.0042732088777081125
Nandurbar,2026-01,2026-01-01,26.83,26.83,0.0042732088777081125,0.04448693415308626
Nandurbar,2026-01,2026-01-01,26.83,26.83,0.04448693415308626,0.0042732088777081125
Nandurbar,2026-01,2026-01-01,26.83,26.83,0.04448693415308626,0.04448693415308626
Nashik,2025-03,2025-03-01,44.78,43.19,0.0445428480917652,0.1631074433833782
Nashik,2025-04,2025-04-01,32.71,31.83,0.927501909160486,0.933629501018563
Nashik,2025-05,2025-05-01,47.59,46.45,0.9537547371203049,0.9602334107033913
Nashik,2025-06,2025-06-01,46.98,45.56,0.9642396250129073,0.9713115458199328
Nashik,2025-07,2025-07-01,43.87,42.71,0.8823631092982195,0.8518356847429661
Nashik,2025-08,2025-08-01,39.77,38.84,0.8776543185143079,0.8286762779060759
Nashik,2025-09,2025-09-01,66.12,63.62,0.9716743669065218,0.9716743669065218
Nashik,2025-10,2025-10-01,49.45,47.7,0.9865729383790792,0.9886487981497792
Nashik,2025-11,2025-11-01,76.25,72.79,0.9536071971386775,0.9536071971386775
Nashik,2025-12,2025-12-01,39.75,37.38,0.045313811060451896,0.031046011763125193
Nashik,2026-01,2026-01-01,23.12,22.89,0.16073899353860224,0.16073899353860224
Osmanabad,2025-03,2025-03-01,32.16,31.66,0.04436598433076942,0.04436598433076942
Osmanabad,2025-04,2025-04-01,28.76,28.44,0.13732020558814279,0.7030711920248918
Osmanabad,2025-05,2025-05-01,35.32,34.85,0.09279148189406225,0.11873035009372057
Osmanabad,2025-06,2025-06-01,34.39,33.88,0.25764264726058367,0.8447875990206551
Osmanabad,2025-07,2025-07-01,31.32,31.04,0.3307730607530785,0.4446626860143689
Osmanabad,2025-08,2025-08-01,30.23,30.02,0.057121739402764986,0.042835742485637894
Osmanabad,2025-09,2025-09-01,34.73,34.23,0.0602871725643494,0.05091264413927333
Osmanabad,2025-10,2025-10-01,33.7,33.21,0.8732315734201204,0.8135686376921765
Osmanabad,2025-11,2025-11-01,40.91,39.84,0.016044006236704766,0.03286802483970749
Osmanabad,2025-12,2025-12-01,25.73,25.11,0.09716950596129786,0.1376817606752266
Osmanabad,2026-01,2026-01-01,26.44,26.38,0.12317303862116853,0.12317303862116853
Palghar,2025-03,2025-03-01,32.34,31.72,0.04373572544871287,0.04436598433076942
Palghar,2025-04,2025-04-01,25.88,25.63,0.26650019315573453,0.3691937891188176
Palghar,2025-05,2025-05-01,36.51,36.02,0.04770181162899446,0.04770181162899446
Palghar,2025-06,2025-06-01,32.88,32.4,0.16159524753664595,0.4835802201154957
Palghar,2025-07,2025-07-01,32.06,31.7,0.335609131015738,0.26949112762300587
Palghar,2025-08,2025-08-01,30.14,29.89,0.7879423104827586,0.7443067343519829
Palghar,2025-09,2025-09-01,39.79,38.99,0.12290796683899495,0.4191335156033522
Palghar,2025-10,2025-10-01,32.48,31.93,0.5811028285979315,0.4965900737172147
Palghar,2025-11,2025-11-01,42.16,41.04,0.10836883545249268,0.15195807920604104
Palghar,2025-12,2025-12-01,32.61,31.68,0.16807928897662222,0.17565250429893897
Palghar,2026-01,2026-01-01,23.56,23.47,0.4113260748321089,0.4113260748321089
Parbhani,2025-03,2025-03-01,31.39,30.99,0.04436598433076942,0.04770507666303706
Parbhani,2025-04,2025-04-01,30.24,29.89,0.031389721103536244,0.0662884797147497
Parbhani,2025-05,2025-05-01,35.55,35.04,0.13608394298768794,0.15147536053174598
Parbhani,2025-06,2025-06-01,33.27,32.85,0.49354237421588737,0.6738021426215305
Parbhani,2025-07,2025-07-01,32.82,32.43,0.2751398301921837,0.5491876708238367
Parbhani,2025-08,2025-08-01,31.85,31.53,0.5758783977837142,0.651816653953404
Parbhani,2025-09,2025-09-01,41.2,40.28,0.15083396476896496,0.40873870781053645
Parbhani,2025-10,2025-10-01,37.77,36.99,0.9155388768870375,0.9137758791015818
Parbhani,2025-11,2025-11-01,41.68,40.4,0.12065111352630373,0.19607541474819357
Parbhani,2025-12,2025-12-01,26.93,26.21,0.0841258058450693,0.0736684803070594
Parbhani,2026-01,2026-01-01,26.26,26.2,0.12317303862116853,0.12317303862116853
Pune,2025-03,2025-03-01,47.49,45.33,0.027271747554601457,0.0390264616660542
Pune,2025-04,2025-04-01,33.44,32.08,0.9594926865711841,0.7704872168562388
Pune,2025-05,2025-05-01,53.13,51.65,0.96443371636054,0.9666418005025419
Pune,2025-06,2025-06-01,52.57,50.73,0.9509346815939477,0.9555275859338249
Pune,2025-07,2025-07-01,45.09,43.65,0.9137558331088411,0.8909583306162256
Pune,2025-08,2025-08-01,38.9,37.88,0.978865185404894,0.9724075798583395
Pune,2025-09,2025-09-01,67.71,65.21,0.9536071971386775,0.9536071971386775
Pune,2025-10,2025-10-01,47.46,45.53,0.9800603405683745,0.9831258442141421
Pune,2025-11,2025-11-01,76.05,72.45,0.9536071971386775,0.9536071971386775
Pune,2025-12,2025-12-01,56.01,52.37,0.04043391390465551,0.0302669695867816
Pune,2026-01,2026-01-01,9.99,9.65,0.1671824288954329,0.1671824288954329
Raigad,2025-03,2025-03-01,27.76,27.62,0.010456537186334821,0.010456537186334821
Raigad,2025-04,2025-04-01,26.72,26.64,0.010234631432797674,0.010234631432797674
Raigad,2025-05,2025-05-01,27.94,27.87,0.008869273907394306,0.03633796685910212
Raigad,2025-06,2025-06-01,28.89,28.74,0.004565342571983465,0.004565342571983465
Raigad,2025-07,2025-07-01,27.07,26.98,0.016183641409487165,0.08026145660346107
Raigad,2025-08,2025-08-01,27.63,27.59,0.04182950212988696,0.04996152450677842
Raigad,2025-09,2025-09-01,29.15,29.02,0.004565342571983465,0.004565342571983465
Raigad,2025-10,2025-10-01,27.71,27.6,0.06062080535412665,0.071009709538478
Raigad,2025-11,2025-11-01,29.65,29.44,0.00658076780379524,0.016631907402508358
Raigad,2025-12,2025-12-01,28.44,28.22,0.022739524632912646,0.043674029906161316
Raigad,2026-01,2026-01-01,25.1,25.08,0.07486044404979475,0.07486044404979475
Raigarh,2025-03,2025-03-01,31.43,31.05,0.04436598433076942,0.04770507666303706
Raigarh,2025-04,2025-04-01,29.2,28.95,0.3170757523318285,0.5343030759737172
Raigarh,2025-05,2025-05-01,32.29,31.98,0.03688400016092784,0.05717502618507084
Raigarh,2025-06,2025-06-01,34.05,33.58,0.10646104949626901,0.1390325482026933
Raigarh,2025-07,2025-07-01,31.49,31.2,0.26949112762300587,0.41858121676157467
Raigarh,2025-08,2025-08-01,29.98,29.78,0.042835742485637894,0.042835742485637894
Raigarh,2025-09,2025-09-01,37.53,36.85,0.16782542560637978,0.10359448416000593
Raigarh,2025-10,2025-10-01,34.41,33.83,0.8883577508521138,0.8347264699763345
Raigarh,2025-11,2025-11-01,40.08,39.05,0.10889883346105676,0.22907251594292738
Raigarh,2025-12,2025-12-01,30.86,30.11,0.37637721316037787,0.2582103983466197
Raigarh,2026-01,2026-01-01,24.65,24.58,0.19440983546456572,0.19440983546456572
RaigarhMH,2025-05,2025-05-01,26.95,26.95,0.010456537186334821,0.010456537186334821
RaigarhMH,2025-06,2025-06-01,26.99,26.99,0.0040294073166691185,0.0040294073166691185
RaigarhMH,2025-07,2025-07-01,26.99,26.99,0.009170361028452333,0.044118986447510264
RaigarhMH,2025-08,2025-08-01,26.99,26.99,0.009170361028452333,0.037536224314725176
RaigarhMH,2025-09,2025-09-01,27.03,27.02,0.006437437311513408,0.029943098606805208
RaigarhMH,2025-10,2025-10-01,27.04,27.03,0.006437437311513408,0.029943098606805208
RaigarhMH,2025-11,2025-11-01,27.07,27.06,0.029943098606805208,0.057121739402764986
RaigarhMH,2025-12,2025-12-01,27.0,26.99,0.03878395873435536,0.0671012594528032
RaigarhMH,2026-01,2026-01-01,26.89,26.89,0.05430744213780769,0.05430744213780769
Ratnagiri,2025-03,2025-03-01,30.13,29.88,0.010456537186334821,0.010456537186334821
Ratnagiri,2025-04,2025-04-01,29.04,28.86,0.07813405965499717,0.11937497200941866
Ratnagiri,2025-05,2025-05-01,30.81,30.56,0.005593694492805,0.006225515498810376
Ratnagiri,2025-06,2025-06-01,32.49,32.13,0.03295989880124218,0.0727195604118209
Ratnagiri,2025-07,2025-07-01,30.08,29.87,0.042835742485637894,0.051152943335394066
Ratnagiri,2025-08,2025-08-01,29.45,29.29,0.057121739402764986,0.04757906979498066
Ratnagiri,2025-09,2025-09-01,37.82,37.11,0.0869409964558079,0.08615693851834927
Ratnagiri,2025-10,2025-10-01,34.32,33.75,0.8623121824956416,0.7573215397432556
Ratnagiri,2025-11,2025-11-01,39.94,39.02,0.16473526631401572,0.6907921856570446
Ratnagiri,2025-12,2025-12-01,30.04,29.48,0.1080846085906361,0.1485449341086551
Ratnagiri,2026-01,2026-01-01,25.72,25.67,0.11201015367307311,0.11201015367307311
Sangli,2025-03,2025-03-01,34.03,33.48,0.051308420359858976,0.051308420359858976
Sangli,2025-04,2025-04-01,31.35,30.96,0.259631598796882,0.5202027603093496
Sangli,2025-05,2025-05-01,33.85,33.43,0.08669167442980527,0.5622883955508768
Sangli,2025-06,2025-06-01,36.26,35.65,0.33209039502199444,0.12964040558364637
Sangli,2025-07,2025-07-01,32.49,32.11,0.3003676379233202,0.39124198715611175
Sangli,2025-08,2025-08-01,31.08,30.82,0.5952983242943433,0.39928761005911917
Sangli,2025-09,2025-09-01,43.67,42.59,0.09774102470076476,0.3216892223643385
Sangli,2025-10,2025-10-01,35.4,34.75,0.9419081114964818,0.9180346485976417
Sangli,2025-11,2025-11-01,46.82,45.44,0.06244851186494135,0.0691087584960957
Sangli,2025-12,2025-12-01,32.7,31.7,0.05715426172133357,0.040545018434563755
Sangli,2026-01,2026-01-01,24.08,24.0,0.19440983546456572,0.19440983546456572
Satara,2025-03,2025-03-01,33.29,32.72,0.04935152105817532,0.04646038782808469
Satara,2025-04,2025-04-01,29.91,29.53,0.1406693300584097,0.7395054889641661
Satara,2025-05,2025-05-01,33.95,33.57,0.06907123484568246,0.5937781617730998
Satara,2025-06,2025-06-01,36.32,35.71,0.3727521026693611,0.11610055328078452
Satara,2025-07,2025-07-01,32.11,31.77,0.26052556991329934,0.5469020357206198
Satara,2025-08,2025-08-01,31.75,31.44,0.7015110203128898,0.651816653953404
Satara,2025-09,2025-09-01,46.59,45.32,0.1392940623831631,0.6495165305616666
Satara,2025-10,2025-10-01,36.4,35.67,0.9610799665721126,0.9293755275933296
Satara,2025-11,2025-11-01,43.75,42.51,0.06299376193812228,0.6565812792185872
Satara,2025-12,2025-12-01,31.1,30.16,0.031449668456640635,0.060217523413865756
Satara,2026-01,2026-01-01,23.88,23.79,0.19440983546456572,0.19440983546456572
Sindhudurg,2025-03,2025-03-01,28.27,28.15,0.010456537186334821,0.010456537186334821
Sindhudurg,2025-04,2025-04-01,27.55,27.47,0.013327747221848252,0.06686642308939864
Sindhudurg,2025-05,2025-05-01,28.4,28.32,0.0353300769717349,0.06128638448548082
Sindhudurg,2025-06,2025-06-01,29.17,29.02,0.005784233769141502,0.005784233769141502
Sindhudurg,2025-07,2025-07-01,27.84,27.78,0.051152943335394066,0.051152943335394066
Sindhudurg,2025-08,2025-08-01,27.74,27.69,0.06325332526317695,0.057121739402764986
Sindhudurg,2025-09,2025-09-01,30.96,30.7,0.003486765506659401,0.003486765506659401
Sindhudurg,2025-10,2025-10-01,30.3,30.04,0.08632520957160908,0.10719970432010589
Sindhudurg,2025-11,2025-11-01,31.71,31.34,0.019230069278250727,0.14720578643007964
Sindhudurg,2025-12,2025-12-01,27.96,27.71,0.14757394377253075,0.0964929837655118
Sindhudurg,2026-01,2026-01-01,26.42,26.39,0.09264387084044283,0.09264387084044283
Solapur,2025-03,2025-03-01,36.97,35.95,0.04322041448473534,0.04234908892290951
Solapur,2025-04,2025-04-01,29.94,29.31,0.9078192172157852,0.949923339586333
Solapur,2025-05,2025-05-01,43.28,42.38,0.8707168113452641,0.9518840048585077
Solapur,2025-06,2025-06-01,41.6,40.64,0.6408823807664659,0.7218677042709085
Solapur,2025-07,2025-07-01,36.56,35.93,0.5185578665831995,0.49471670847438026
Solapur,2025-08,2025-08-01,35.83,35.22,0.8782396594871168,0.7872469205925118
Solapur,2025-09,2025-09-01,49.56,48.11,0.9649417372211738,0.9718788587102091
Solapur,2025-10,2025-10-01,42.03,40.87,0.9477892368978786,0.9467262963748829
Solapur,2025-11,2025-11-01,67.58,64.61,0.0630242092335031,0.06974128775284298
Solapur,2025-12,2025-12-01,22.17,20.32,0.03869780233595439,0.08921075425638957
Solapur,2026-01,2026-01-01,24.78,24.62,0.19730267636575186,0.19730267636575186
Thane,2025-03,2025-03-01,45.12,43.23,0.04358459950399044,0.05571702467308893
Thane,2025-04,2025-04-01,34.66,33.38,0.9448258831280936,0.9402927997388961
Thane,2025-05,2025-05-01,52.96,51.24,0.9616592106480518,0.9674597576031406
Thane,2025-06,2025-06-01,47.77,46.03,0.9522009752934364,0.9808553850816728
Thane,2025-07,2025-07-01,46.36,44.88,0.37760041116441495,0.652207719804384
Thane,2025-08,2025-08-01,35.96,35.0,0.9444746067669425,0.9251356896994897
Thane,2025-09,2025-09-01,66.02,63.67,0.9536071971386775,0.9536071971386775
Thane,2025-10,2025-10-01,51.15,48.98,0.9785004807529802,0.9860853021191583
Thane,2025-11,2025-11-01,78.02,74.27,0.9536071971386775,0.9536071971386775
Thane,2025-12,2025-12-01,52.97,49.68,0.04465024638448713,0.030395864713420272
Thane,2026-01,2026-01-01,13.32,13.01,0.1671824288954329,0.1671824288954329
Wardha,2025-03,2025-03-01,29.71,29.5,0.010456537186334821,0.010456537186334821
Wardha,2025-04,2025-04-01,29.87,29.65,0.003704504945330814,0.004123822455405973
Wardha,2025-05,2025-05-01,31.03,30.77,0.007719110627862654,0.036284379752050344
Wardha,2025-06,2025-06-01,31.88,31.54,0.030028544694055782,0.0772204995671997
Wardha,2025-07,2025-07-01,29.38,29.2,0.05430744213780769,0.05430744213780769
Wardha,2025-08,2025-08-01,29.05,28.89,0.05122964724885616,0.08780384533206644
Wardha,2025-09,2025-09-01,33.8,33.36,0.023813429332043935,0.026165085041051844
Wardha,2025-10,2025-10-01,32.18,31.79,0.2560881927449365,0.47871195618596585
Wardha,2025-11,2025-11-01,36.63,35.96,0.24211238077393585,0.13868823353330725
Wardha,2025-12,2025-12-01,31.71,31.22,0.5280647699109395,0.4389949271346871
Wardha,2026-01,2026-01-01,26.23,26.19,0.03812701691044567,0.03812701691044567
Washim,2025-03,2025-03-01,30.26,29.99,0.010456537186334821,0.010456537186334821
Washim,2025-04,2025-04-01,28.76,28.58,0.07813405965499717,0.11937497200941866
Washim,2025-05,2025-05-01,32.59,32.25,0.03190288757544934,0.06385018237355668
Washim,2025-05,2025-05-01,32.59,32.25,0.03190288757544934,0.04187760857888083
Washim,2025-05,2025-05-01,32.59,32.25,0.04187760857888083,0.06385018237355668
Washim,2025-05,2025-05-01,32.59,32.25,0.04187760857888083,0.04187760857888083
Washim,2025-05,2025-05-01,32.59,26.95,0.03190288757544934,0.06385018237355668
Washim,2025-05,2025-05-01,32.59,26.95,0.03190288757544934,0.04187760857888083
Washim,2025-05,2025-05-01,32.59,26.95,0.04187760857888083,0.06385018237355668
Washim,2025-05,2025-05-01,32.59,26.95,0.04187760857888083,0.04187760857888083
Washim,2025-05,2025-05-01,26.95,32.25,0.03190288757544934,0.06385018237355668
Washim,2025-05,2025-05-01,26.95,32.25,0.03190288757544934,0.04187760857888083
Washim,2025-05,2025-05-01,26.95,32.25,0.04187760857888083,0.06385018237355668
Washim,2025-05,2025-05-01,26.95,32.25,0.04187760857888083,0.04187760857888083
Washim,2025-05,2025-05-01,26.95,26.95,0.03190288757544934,0.06385018237355668
Washim,2025-05,2025-05-01,26.95,26.95,0.03190288757544934,0.04187760857888083
Washim,2025-05,2025-05-01,26.95,26.95,0.04187760857888083,0.06385018237355668
Washim,2025-05,2025-05-01,26.95,26.95,0.04187760857888083,0.04187760857888083
Washim,2025-06,2025-06-01,34.06,33.53,0.02018780956464646,0.04083078679243972
Washim,2025-06,2025-06-01,34.06,33.53,0.02018780956464646,0.07430556457181783
Washim,2025-06,2025-06-01,34.06,33.53,0.07430556457181783,0.04083078679243972
Washim,2025-06,2025-06-01,34.06,33.53,0.07430556457181783,0.07430556457181783
Washim,2025-06,2025-06-01,34.06,26.4,0.02018780956464646,0.04083078679243972
Washim,2025-06,2025-06-01,34.06,26.4,0.02018780956464646,0.07430556457181783
Washim,2025-06,2025-06-01,34.06,26.4,0.07430556457181783,0.04083078679243972
Washim,2025-06,2025-06-01,34.06,26.4,0.07430556457181783,0.07430556457181783
Washim,2025-06,2025-06-01,26.41,33.53,0.02018780956464646,0.04083078679243972
Washim,2025-06,2025-06-01,26.41,33.53,0.02018780956464646,0.07430556457181783
Washim,2025-06,2025-06-01,26.41,33.53,0.07430556457181783,0.04083078679243972
Washim,2025-06,2025-06-01,26.41,33.53,0.07430556457181783,0.07430556457181783
Washim,2025-06,2025-06-01,26.41,26.4,0.02018780956464646,0.04083078679243972
Washim,2025-06,2025-06-01,26.41,26.4,0.02018780956464646,0.07430556457181783
Washim,2025-06,2025-06-01,26.41,26.4,0.07430556457181783,0.04083078679243972
Washim,2025-06,2025-06-01,26.41,26.4,0.07430556457181783,0.07430556457181783
Washim,2025-07,2025-07-01,30.57,30.34,0.0040294073166691185,0.0040294073166691185
Washim,2025-07,2025-07-01,30.57,30.34,0.0040294073166691185,0.04187760857888083
Washim,2025-07,2025-07-01,30.57,30.34,0.04187760857888083,0.0040294073166691185
Washim,2025-07,2025-07-01,30.57,30.34,0.04187760857888083,0.04187760857888083
Washim,2025-07,2025-07-01,30.57,26.99,0.0040294073166691185,0.0040294073166691185
Washim,2025-07,2025-07-01,30.57,26.99,0.0040294073166691185,0.04187760857888083
Washim,2025-07,2025-07-01,30.57,26.99,0.04187760857888083,0.0040294073166691185
Washim,2025-07,2025-07-01,30.57,26.99,0.04187760857888083,0.04187760857888083
Washim,2025-07,2025-07-01,27.0,30.34,0.0040294073166691185,0.0040294073166691185
Washim,2025-07,2025-07-01,27.0,30.34,0.0040294073166691185,0.04187760857888083
Washim,2025-07,2025-07-01,27.0,30.34,0.04187760857888083,0.0040294073166691185
Washim,2025-07,2025-07-01,27.0,30.34,0.04187760857888083,0.04187760857888083
Washim,2025-07,2025-07-01,27.0,26.99,0.0040294073166691185,0.0040294073166691185
Washim,2025-07,2025-07-01,27.0,26.99,0.0040294073166691185,0.04187760857888083
Washim,2025-07,2025-07-01,27.0,26.99,0.04187760857888083,0.0040294073166691185
Washim,2025-07,2025-07-01,27.0,26.99,0.04187760857888083,0.04187760857888083
Washim,2025-08,2025-08-01,30.07,29.86,0.0040294073166691185,0.0040294073166691185
Washim,2025-08,2025-08-01,30.07,29.86,0.0040294073166691185,0.04187760857888083
Washim,2025-08,2025-08-01,30.07,29.86,0.051152943335394066,0.0040294073166691185
Washim,2025-08,2025-08-01,30.07,29.86,0.051152943335394066,0.04187760857888083
Washim,2025-08,2025-08-01,30.07,26.99,0.0040294073166691185,0.0040294073166691185
Washim,2025-08,2025-08-01,30.07,26.99,0.0040294073166691185,0.04187760857888083
Washim,2025-08,2025-08-01,30.07,26.99,0.051152943335394066,0.0040294073166691185
Washim,2025-08,2025-08-01,30.07,26.99,0.051152943335394066,0.04187760857888083
Washim,2025-08,2025-08-01,27.0,29.86,0.0040294073166691185,0.0040294073166691185
Washim,2025-08,2025-08-01,27.0,29.86,0.0040294073166691185,0.04187760857888083
Washim,2025-08,2025-08-01,27.0,29.86,0.051152943335394066,0.0040294073166691185
Washim,2025-08,2025-08-01,27.0,29.86,0.051152943335394066,0.04187760857888083
Washim,2025-08,2025-08-01,27.0,26.99,0.0040294073166691185,0.0040294073166691185
Washim,2025-08,2025-08-01,27.0,26.99,0.0040294073166691185,0.04187760857888083
Washim,2025-08,2025-08-01,27.0,26.99,0.051152943335394066,0.0040294073166691185
Washim,2025-08,2025-08-01,27.0,26.99,0.051152943335394066,0.04187760857888083
Washim,2025-09,2025-09-01,35.48,34.91,0.0377257090169154,0.0377257090169154
Washim,2025-09,2025-09-01,35.48,34.91,0.0377257090169154,0.07751746528134694
Washim,2025-09,2025-09-01,35.48,34.91,0.07751746528134694,0.0377257090169154
Washim,2025-09,2025-09-01,35.48,34.91,0.07751746528134694,0.07751746528134694
Washim,2025-09,2025-09-01,35.48,26.16,0.0377257090169154,0.0377257090169154
Washim,2025-09,2025-09-01,35.48,26.16,0.0377257090169154,0.07751746528134694
Washim,2025-09,2025-09-01,35.48,26.16,0.07751746528134694,0.0377257090169154
Washim,2025-09,2025-09-01,35.48,26.16,0.07751746528134694,0.07751746528134694
Washim,2025-09,2025-09-01,26.17,34.91,0.0377257090169154,0.0377257090169154
Washim,2025-09,2025-09-01,26.17,34.91,0.0377257090169154,0.07751746528134694
Washim,2025-09,2025-09-01,26.17,34.91,0.07751746528134694,0.0377257090169154
Washim,2025-09,2025-09-01,26.17,34.91,0.07751746528134694,0.07751746528134694
Washim,2025-09,2025-09-01,26.17,26.16,0.0377257090169154,0.0377257090169154
Washim,2025-09,2025-09-01,26.17,26.16,0.0377257090169154,0.07751746528134694
Washim,2025-09,2025-09-01,26.17,26.16,0.07751746528134694,0.0377257090169154
Washim,2025-09,2025-09-01,26.17,26.16,0.07751746528134694,0.07751746528134694
Washim,2025-10,2025-10-01,33.88,33.44,0.02323376727449671,0.054493024147036696
Washim,2025-10,2025-10-01,33.88,33.44,0.02323376727449671,0.5324902884836621
Washim,2025-10,2025-10-01,33.88,33.44,0.6648091227735814,0.054493024147036696
Washim,2025-10,2025-10-01,33.88,33.44,0.6648091227735814,0.5324902884836621
Washim,2025-10,2025-10-01,33.88,25.24,0.02323376727449671,0.054493024147036696
Washim,2025-10,2025-10-01,33.88,25.24,0.02323376727449671,0.5324902884836621
Washim,2025-10,2025-10-01,33.88,25.24,0.6648091227735814,0.054493024147036696
Washim,2025-10,2025-10-01,33.88,25.24,0.6648091227735814,0.5324902884836621
Washim,2025-10,2025-10-01,25.24,33.44,0.02323376727449671,0.054493024147036696
Washim,2025-10,2025-10-01,25.24,33.44,0.02323376727449671,0.5324902884836621
Washim,2025-10,2025-10-01,25.24,33.44,0.6648091227735814,0.054493024147036696
Washim,2025-10,2025-10-01,25.24,33.44,0.6648091227735814,0.5324902884836621
Washim,2025-10,2025-10-01,25.24,25.24,0.02323376727449671,0.054493024147036696
Washim,2025-10,2025-10-01,25.24,25.24,0.02323376727449671,0.5324902884836621
Washim,2025-10,2025-10-01,25.24,25.24,0.6648091227735814,0.054493024147036696
Washim,2025-10,2025-10-01,25.24,25.24,0.6648091227735814,0.5324902884836621
Washim,2025-11,2025-11-01,44.58,43.52,0.011418610434644937,0.01504858826255177
Washim,2025-11,2025-11-01,44.58,43.52,0.011418610434644937,0.08779597656763137
Washim,2025-11,2025-11-01,44.58,43.52,0.10771486328331316,0.01504858826255177
Washim,2025-11,2025-11-01,44.58,43.52,0.10771486328331316,0.08779597656763137
Washim,2025-11,2025-11-01,44.58,17.68,0.011418610434644937,0.01504858826255177
Washim,2025-11,2025-11-01,44.58,17.68,0.011418610434644937,0.08779597656763137
Washim,2025-11,2025-11-01,44.58,17.68,0.10771486328331316,0.01504858826255177
Washim,2025-11,2025-11-01,44.58,17.68,0.10771486328331316,0.08779597656763137
Washim,2025-11,2025-11-01,17.7,43.52,0.011418610434644937,0.01504858826255177
Washim,2025-11,2025-11-01,17.7,43.52,0.011418610434644937,0.08779597656763137
Washim,2025-11,2025-11-01,17.7,43.52,0.10771486328331316,0.01504858826255177
Washim,2025-11,2025-11-01,17.7,43.52,0.10771486328331316,0.08779597656763137
Washim,2025-11,2025-11-01,17.7,17.68,0.011418610434644937,0.01504858826255177
Washim,2025-11,2025-11-01,17.7,17.68,0.011418610434644937,0.08779597656763137
Washim,2025-11,2025-11-01,17.7,17.68,0.10771486328331316,0.01504858826255177
Washim,2025-11,2025-11-01,17.7,17.68,0.10771486328331316,0.08779597656763137
Washim,2025-12,2025-12-01,37.84,37.31,0.020961085648708917,0.020961085648708917
Washim,2025-12,2025-12-01,37.84,37.31,0.020961085648708917,0.22389541010110642
Washim,2025-12,2025-12-01,37.84,37.31,0.15284533957610624,0.020961085648708917
Washim,2025-12,2025-12-01,37.84,37.31,0.15284533957610624,0.22389541010110642
Washim,2025-12,2025-12-01,37.84,23.96,0.020961085648708917,0.020961085648708917
Washim,2025-12,2025-12-01,37.84,23.96,0.020961085648708917,0.22389541010110642
Washim,2025-12,2025-12-01,37.84,23.96,0.15284533957610624,0.020961085648708917
Washim,2025-12,2025-12-01,37.84,23.96,0.15284533957610624,0.22389541010110642
Washim,2025-12,2025-12-01,23.97,37.31,0.020961085648708917,0.020961085648708917
Washim,2025-12,2025-12-01,23.97,37.31,0.020961085648708917,0.22389541010110642
Washim,2025-12,2025-12-01,23.97,37.31,0.15284533957610624,0.020961085648708917
Washim,2025-12,2025-12-01,23.97,37.31,0.15284533957610624,0.22389541010110642
Washim,2025-12,2025-12-01,23.97,23.96,0.020961085648708917,0.020961085648708917
Washim,2025-12,2025-12-01,23.97,23.96,0.020961085648708917,0.22389541010110642
Washim,2025-12,2025-12-01,23.97,23.96,0.15284533957610624,0.020961085648708917
Washim,2025-12,2025-12-01,23.97,23.96,0.15284533957610624,0.22389541010110642
Washim,2026-01,2026-01-01,28.56,28.51,0.004800609159941049,0.004800609159941049
Washim,2026-01,2026-01-01,28.56,28.51,0.004800609159941049,0.04448693415308626
Washim,2026-01,2026-01-01,28.56,28.51,0.04448693415308626,0.004800609159941049
Washim,2026-01,2026-01-01,28.56,28.51,0.04448693415308626,0.04448693415308626
Washim,2026-01,2026-01-01,28.56,26.77,0.004800609159941049,0.004800609159941049
Washim,2026-01,2026-01-01,28.56,26.77,0.004800609159941049,0.04448693415308626
Washim,2026-01,2026-01-01,28.56,26.77,0.04448693415308626,0.004800609159941049
Washim,2026-01,2026-01-01,28.56,26.77,0.04448693415308626,0.04448693415308626
Washim,2026-01,2026-01-01,26.77,28.51,0.004800609159941049,0.004800609159941049
Washim,2026-01,2026-01-01,26.77,28.51,0.004800609159941049,0.04448693415308626
Washim,2026-01,2026-01-01,26.77,28.51,0.04448693415308626,0.004800609159941049
Washim,2026-01,2026-01-01,26.77,28.51,0.04448693415308626,0.04448693415308626
Washim,2026-01,2026-01-01,26.77,26.77,0.004800609159941049,0.004800609159941049
Washim,2026-01,2026-01-01,26.77,26.77,0.004800609159941049,0.04448693415308626
Washim,2026-01,2026-01-01,26.77,26.77,0.04448693415308626,0.004800609159941049
Washim,2026-01,2026-01-01,26.77,26.77,0.04448693415308626,0.04448693415308626
Yavatmal,2025-03,2025-03-01,37.33,36.44,0.04322041448473534,0.04774073544722091
Yavatmal,2025-04,2025-04-01,30.24,29.79,0.9172133220632968,0.8590737869329569
Yavatmal,2025-05,2025-05-01,39.29,38.58,0.8730669822272459,0.7555884832672969
Yavatmal,2025-06,2025-06-01,40.18,39.3,0.37519126768161454,0.8127849377245658
Yavatmal,2025-07,2025-07-01,34.3,33.78,0.586592805410176,0.6713496245158459
Yavatmal,2025-08,2025-08-01,33.5,33.06,0.7544706908410018,0.7190523745507045
Yavatmal,2025-09,2025-09-01,47.08,45.79,0.9200332365118205,0.9408685197217557
Yavatmal,2025-10,2025-10-01,43.42,42.18,0.9432259841864654,0.9403322269737369
Yavatmal,2025-11,2025-11-01,68.49,65.58,0.1175695150808996,0.11458734806594999
Yavatmal,2025-12,2025-12-01,21.47,20.01,0.05131920254386285,0.09938651133420383
Yavatmal,2026-01,2026-01-01,26.47,26.36,0.19730267636575186,0.19730267636575186
